Date,TSLA,AAPL,GOOG,META
2018-11-26,23.066667556762695,42.134742736816406,52.430999755859375,136.3800048828125
2018-11-27,22.92799949645996,42.043052673339844,52.22050094604492,135.0
2018-11-28,23.191333770751953,43.65972900390625,54.311500549316406,136.75999450683594
2018-11-29,22.744667053222656,43.32432556152344,54.415000915527344,138.67999267578125
2018-11-30,23.365333557128906,43.09027099609375,54.721500396728516,140.61000061035156
2018-12-03,23.89933204650879,44.59593963623047,55.32149887084961,141.08999633789062
2018-12-04,23.979999542236328,42.63422775268555,52.54100036621094,137.92999267578125
2018-12-06,24.20400047302246,42.158878326416016,53.436500549316406,139.6300048828125
2018-12-07,23.864667892456055,40.65562057495117,51.82899856567383,137.4199981689453
2018-12-10,24.343332290649414,40.92344665527344,51.977500915527344,141.85000610351562
2018-12-11,24.450666427612305,40.68939971923828,52.587501525878906,142.0800018310547
2018-12-12,24.440000534057617,40.80281066894531,53.183998107910156,144.5
2018-12-13,25.119333267211914,41.24919509887695,53.095001220703125,145.00999450683594
2018-12-14,24.380666732788086,39.92931365966797,52.10499954223633,144.05999755859375
2018-12-17,23.22800064086914,39.5577278137207,50.826499938964844,140.19000244140625
2018-12-18,22.468666076660156,40.071685791015625,51.43550109863281,143.66000366210938
2018-12-19,22.197999954223633,38.82178497314453,51.1505012512207,133.24000549316406
2018-12-20,21.025333404541016,37.842132568359375,50.47050094604492,133.39999389648438
2018-12-21,21.31800079345703,36.370235443115234,48.97700119018555,124.94999694824219
2018-12-24,19.69266700744629,35.4291877746582,48.81100082397461,124.05999755859375
2018-12-26,21.73933219909668,37.92416763305664,51.972999572753906,134.17999267578125
2018-12-27,21.075332641601562,37.67805480957031,52.194000244140625,134.52000427246094
2018-12-28,22.257999420166016,37.697349548339844,51.854000091552734,133.1999969482422
2018-12-31,22.18666648864746,38.06171417236328,51.78049850463867,131.08999633789062
2019-01-02,20.674667358398438,38.10514450073242,52.29249954223633,135.67999267578125
2019-01-03,20.02400016784668,34.30957794189453,50.803001403808594,131.74000549316406
2019-01-04,21.179332733154297,35.77423858642578,53.535499572753906,137.9499969482422
2019-01-07,22.33066749572754,35.694610595703125,53.419498443603516,138.0500030517578
2019-01-08,22.356666564941406,36.375064849853516,53.81399917602539,142.52999877929688
2019-01-09,22.568666458129883,36.99277114868164,53.733001708984375,144.22999572753906
2019-01-10,22.99799919128418,37.11101150512695,53.51649856567383,144.1999969482422
2019-01-11,23.150667190551758,36.74665069580078,52.859500885009766,143.8000030517578
2019-01-14,22.293333053588867,36.194087982177734,52.234500885009766,145.38999938964844
2019-01-15,22.961999893188477,36.93486022949219,53.85749816894531,148.9499969482422
2019-01-16,23.06999969482422,37.386085510253906,54.048500061035156,147.5399932861328
2019-01-17,23.15399932861328,37.608070373535156,54.494998931884766,148.3000030517578
2019-01-18,20.150667190551758,37.83971405029297,54.91299819946289,150.0399932861328
2019-01-22,19.92799949645996,36.990360260009766,53.5260009765625,147.57000732421875
2019-01-23,19.172666549682617,37.13996505737305,53.778499603271484,144.3000030517578
2019-01-24,19.43400001525879,36.845584869384766,53.69499969482422,145.8300018310547
2019-01-25,19.80266761779785,38.0665283203125,54.54949951171875,149.00999450683594
2019-01-28,19.7586669921875,37.71424102783203,53.50400161743164,147.47000122070312
2019-01-29,19.83066749572754,37.32334899902344,53.03099822998047,144.19000244140625
2019-01-30,20.584667205810547,39.873817443847656,54.452999114990234,150.4199981689453
2019-01-31,20.468000411987305,40.16096496582031,55.81850051879883,166.69000244140625
2019-02-01,20.81399917602539,40.18027114868164,55.537498474121094,165.7100067138672
2019-02-04,20.859333038330078,41.32158279418945,56.63999938964844,169.25
2019-02-05,21.42333221435547,42.02858352661133,57.29949951171875,171.16000366210938
2019-02-06,21.148000717163086,42.043052673339844,55.76150131225586,170.49000549316406
2019-02-07,20.500667572021484,41.24679183959961,54.93550109863281,166.3800048828125
2019-02-08,20.386667251586914,41.295249938964844,54.75299835205078,167.3300018310547
2019-02-11,20.856000900268555,41.05777359008789,54.7504997253418,165.7899932861328
2019-02-12,20.78733253479004,41.41157150268555,56.06850051879883,165.0399932861328
2019-02-13,20.544666290283203,41.2395133972168,56.007999420166016,164.07000732421875
2019-02-14,20.251333236694336,41.38975524902344,56.083499908447266,163.9499969482422
2019-02-15,20.525333404541016,41.297672271728516,55.682498931884766,162.5
2019-02-19,20.375999450683594,41.421260833740234,55.928001403808594,162.2899932861328
2019-02-20,20.17066764831543,41.687828063964844,55.689998626708984,162.55999755859375
2019-02-21,19.415332794189453,41.452762603759766,54.8484992980957,160.0399932861328
2019-02-22,19.6473331451416,41.915611267089844,55.51850128173828,161.88999938964844
2019-02-25,19.917999267578125,42.22093963623047,55.470001220703125,164.6199951171875
2019-02-26,19.857332229614258,42.245174407958984,55.756500244140625,164.1300048828125
2019-02-27,20.982667922973633,42.37603759765625,55.8025016784668,162.80999755859375
2019-02-28,21.325332641601562,41.959228515625,55.99599838256836,161.4499969482422
2019-03-01,19.652666091918945,42.400264739990234,57.04949951171875,162.27999877929688
2019-03-04,19.02400016784668,42.61351776123047,57.38999938964844,167.3699951171875
2019-03-05,18.43600082397461,42.535972595214844,58.10150146484375,171.25999450683594
2019-03-06,18.416000366210938,42.291221618652344,57.893001556396484,172.50999450683594
2019-03-07,18.439332962036133,41.801719665527344,57.165000915527344,169.1300048828125
2019-03-08,18.94266700744629,41.90107345581055,57.11600112915039,169.60000610351562
2019-03-11,19.39466667175293,43.35261535644531,58.78799819946289,172.07000732421875
2019-03-12,18.890666961669922,43.83969497680664,59.65999984741211,171.9199981689453
2019-03-13,19.263999938964844,44.033565521240234,59.66600036621094,173.3699951171875
2019-03-14,19.33066749572754,44.5230712890625,59.27750015258789,170.1699981689453
2019-03-15,18.36199951171875,45.10224151611328,59.222999572753906,165.97999572753906
2019-03-18,17.965999603271484,45.56266784667969,59.2130012512207,160.47000122070312
2019-03-19,17.83133316040039,45.20159149169922,59.942501068115234,161.57000732421875
2019-03-20,18.239999771118164,45.59657669067383,61.19850158691406,165.44000244140625
2019-03-21,18.26799964904785,47.275917053222656,61.57699966430664,166.0800018310547
2019-03-22,17.635332107543945,46.29691696166992,60.275001525878906,164.33999633789062
2019-03-25,17.3613338470459,45.73714065551758,59.650001525878906,166.2899932861328
2019-03-26,17.851333618164062,45.264591217041016,59.23099899291992,167.67999267578125
2019-03-27,18.32200050354004,45.67171096801758,58.6510009765625,165.8699951171875
2019-03-28,18.57466697692871,45.73229217529297,58.42449951171875,165.5500030517578
2019-03-29,18.657333374023438,46.03034973144531,58.66550064086914,166.69000244140625
2019-04-01,19.278667449951172,46.34295654296875,59.721500396728516,168.6999969482422
2019-04-02,19.058666229248047,47.016632080078125,60.02450180053711,174.1999969482422
2019-04-03,19.45400047302246,47.33892822265625,60.29600143432617,173.5399932861328
2019-04-04,17.851999282836914,47.42133331298828,60.75,176.02000427246094
2019-04-05,18.33066749572754,47.738765716552734,60.35749816894531,175.72000122070312
2019-04-08,18.213333129882812,48.489986419677734,60.19200134277344,174.92999267578125
2019-04-09,18.15399932861328,48.344608306884766,59.86249923706055,177.5800018310547
2019-04-10,18.40399932861328,48.61600112915039,60.108001708984375,177.82000732421875
2019-04-11,17.89466667175293,48.21131134033203,60.23099899291992,177.50999450683594
2019-04-12,17.84666633605957,48.19192123413086,60.89350128173828,179.10000610351562
2019-04-15,17.7586669921875,48.27916717529297,61.05500030517578,179.64999389648438
2019-04-16,18.224000930786133,48.28401565551758,61.35649871826172,178.8699951171875
2019-04-17,18.082000732421875,49.224246978759766,61.81700134277344,178.77999877929688
2019-04-18,18.21733283996582,49.40114974975586,61.81850051879883,178.27999877929688
2019-04-22,17.516666412353516,49.56351089477539,62.44200134277344,181.44000244140625
2019-04-23,17.593332290649414,50.278377532958984,63.227500915527344,183.77999877929688
2019-04-24,17.243999481201172,50.20083999633789,62.79999923706055,182.5800018310547
2019-04-25,16.5086669921875,49.74525451660156,63.17250061035156,193.25999450683594
2019-04-26,15.675999641418457,49.507774353027344,63.60900115966797,191.49000549316406
2019-04-29,16.097999572753906,49.58289337158203,64.37899780273438,194.77999877929688
2019-04-30,15.912667274475098,48.62812042236328,59.42399978637695,193.39999389648438
2019-05-01,15.600666999816895,51.01506042480469,58.40399932861328,193.02999877929688
2019-05-02,16.273332595825195,50.68307113647461,58.13050079345703,192.52999877929688
2019-05-03,17.00200080871582,51.31312561035156,59.27000045776367,195.47000122070312
2019-05-06,17.022666931152344,50.52070999145508,59.46950149536133,193.8800048828125
2019-05-07,16.470666885375977,49.1588249206543,58.70500183105469,189.77000427246094
2019-05-08,16.32266616821289,49.16851806640625,58.313499450683594,189.5399932861328
2019-05-09,16.131999969482422,48.640235900878906,58.11899948120117,188.64999389648438
2019-05-10,15.968000411987305,47.96639633178711,58.2135009765625,188.33999633789062
2019-05-13,15.133999824523926,45.17862319946289,56.60150146484375,181.5399932861328
2019-05-14,15.487333297729492,45.89381408691406,56.02199935913086,180.72999572753906
2019-05-15,15.463333129882812,46.44358444213867,58.21049880981445,186.27000427246094
2019-05-16,15.222000122070312,46.2392463684082,58.94900131225586,186.99000549316406
2019-05-17,14.0686674118042,45.976524353027344,58.1150016784668,185.3000030517578
2019-05-20,13.690667152404785,44.53883743286133,56.942501068115234,182.72000122070312
2019-05-21,13.67199993133545,45.392696380615234,57.48149871826172,184.82000732421875
2019-05-22,12.84866714477539,44.46343231201172,57.57099914550781,185.32000732421875
2019-05-23,13.03266716003418,43.70445251464844,57.03850173950195,180.8699951171875
2019-05-24,12.708666801452637,43.53660202026367,56.673500061035156,181.05999755859375
2019-05-28,12.579999923706055,43.35658264160156,56.70750045776367,184.30999755859375
2019-05-29,12.657333374023438,43.149818420410156,55.823001861572266,182.19000244140625
2019-05-30,12.54800033569336,43.37361526489258,55.897499084472656,183.00999450683594
2019-05-31,12.343999862670898,42.58788299560547,55.18149948120117,177.47000122070312
2019-06-03,11.9313325881958,42.157310485839844,51.811500549316406,164.14999389648438
2019-06-04,12.90666675567627,43.699588775634766,52.65250015258789,167.5
2019-06-05,13.105999946594238,44.40504837036133,52.111000061035156,168.1699981689453
2019-06-06,13.729999542236328,45.05698776245117,52.21699905395508,168.3300018310547
2019-06-07,13.633333206176758,46.256263732910156,53.301998138427734,173.35000610351562
2019-06-10,14.192000389099121,46.847389221191406,54.01900100708008,174.82000732421875
2019-06-11,14.473333358764648,47.38987731933594,53.93600082397461,178.10000610351562
2019-06-12,13.950667381286621,47.239051818847656,53.85150146484375,175.0399932861328
2019-06-13,14.260666847229004,47.22931671142578,54.438499450683594,177.47000122070312
2019-06-14,14.32800006866455,46.886322021484375,54.26750183105469,181.3300018310547
2019-06-17,15.001999855041504,47.16606521606445,54.625,189.00999450683594
2019-06-18,14.982666969299316,48.27533721923828,55.18000030517578,188.47000122070312
2019-06-19,15.095333099365234,48.134254455566406,55.11650085449219,187.47999572753906
2019-06-20,14.641332626342773,48.52104187011719,55.57099914550781,189.52999877929688
2019-06-21,14.790666580200195,48.35561752319336,56.09400177001953,191.13999938964844
2019-06-24,14.909333229064941,48.306968688964844,55.7760009765625,192.60000610351562
2019-06-25,14.650667190551758,47.574745178222656,54.317501068115234,188.83999633789062
2019-06-26,14.618000030517578,48.60375213623047,53.9900016784668,187.66000366210938
2019-06-27,14.855999946594238,48.589149475097656,53.800498962402344,189.5
2019-06-28,14.897333145141602,48.146419525146484,54.045501708984375,193.0
2019-07-01,15.14466667175293,49.02946090698242,54.897499084472656,193.0
2019-07-02,14.970000267028809,49.31651306152344,55.5625,195.0
2019-07-03,15.65999984741211,49.725181579589844,56.07899856567383,197.1999969482422
2019-07-05,15.539999961853027,49.681392669677734,56.579498291015625,196.39999389648438
2019-07-08,15.355999946594238,48.657264709472656,55.817501068115234,195.75999450683594
2019-07-09,15.337332725524902,48.95404052734375,56.24150085449219,199.2100067138672
2019-07-10,15.928000450134277,49.438140869140625,57.02399826049805,202.72999572753906
2019-07-11,15.90666675567627,49.0781135559082,57.21049880981445,201.22999572753906
2019-07-12,16.338666915893555,49.45516586303711,57.244998931884766,204.8699951171875
2019-07-15,16.899999618530273,49.9197998046875,57.516998291015625,203.91000366210938
2019-07-16,16.825332641601562,49.7470817565918,57.67900085449219,203.83999633789062
2019-07-17,16.99066734313965,49.46732711791992,57.317501068115234,201.8000030517578
2019-07-18,16.902666091918945,50.02926254272461,57.31650161743164,200.77999877929688
2019-07-19,17.211999893188477,49.28244400024414,56.505001068115234,198.36000061035156
2019-07-22,17.045333862304688,50.40875244140625,56.903499603271484,202.32000732421875
2019-07-23,17.344667434692383,50.80283737182617,57.31050109863281,202.36000061035156
2019-07-24,17.658666610717773,50.761478424072266,56.890499114990234,204.66000366210938
2019-07-25,15.254667282104492,50.36009979248047,56.60599899291992,200.7100067138672
2019-07-26,15.202667236328125,50.535247802734375,62.52050018310547,199.75
2019-07-29,15.718000411987305,51.00717544555664,61.97050094604492,195.94000244140625
2019-07-30,16.150667190551758,50.788238525390625,61.25699996948242,197.0399932861328
2019-07-31,16.107332229614258,51.82453536987305,60.83399963378906,194.22999572753906
2019-08-01,15.59000015258789,50.703094482421875,60.45050048828125,192.72999572753906
2019-08-02,15.62266731262207,49.630313873291016,59.699501037597656,189.02000427246094
2019-08-05,15.221332550048828,47.03227615356445,57.61600112915039,181.72999572753906
2019-08-06,15.383333206176758,47.922607421875,58.497501373291016,184.50999450683594
2019-08-07,15.561332702636719,48.41886520385742,58.699501037597656,185.14999389648438
2019-08-08,15.886667251586914,49.486785888671875,60.2400016784668,190.16000366210938
2019-08-09,15.667332649230957,49.079002380371094,59.4005012512207,187.85000610351562
2019-08-12,15.267333030700684,48.954463958740234,58.73550033569336,185.3699951171875
2019-08-13,15.666666984558105,51.02760696411133,59.86349868774414,188.4499969482422
2019-08-14,14.641332626342773,49.508766174316406,58.214500427246094,179.7100067138672
2019-08-15,14.37600040435791,49.26213836669922,58.362998962402344,182.58999633789062
2019-08-16,14.662667274475098,50.424461364746094,58.880001068115234,183.6999969482422
2019-08-19,15.121999740600586,51.36458206176758,59.92250061035156,186.1699981689453
2019-08-20,15.057332992553711,51.36702346801758,59.134498596191406,183.80999755859375
2019-08-21,14.722000122070312,51.923770904541016,59.5625,183.5500030517578
2019-08-22,14.8100004196167,51.87981414794922,59.47650146484375,182.0399932861328
2019-08-23,14.09333324432373,49.481903076171875,57.56449890136719,177.75
2019-08-26,14.333333015441895,50.42202377319336,58.44449996948242,180.36000061035156
2019-08-27,14.272000312805176,49.85307312011719,58.391998291015625,181.3000030517578
2019-08-28,14.37266731262207,50.187599182128906,58.55099868774414,181.75999450683594
2019-08-29,14.780667304992676,51.03736877441406,59.64250183105469,185.57000732421875
2019-08-30,15.040666580200195,50.971439361572266,59.404998779296875,185.6699981689453
2019-09-03,15.000666618347168,50.22911834716797,58.419498443603516,182.38999938964844
2019-09-04,14.711999893188477,51.08132553100586,59.070499420166016,187.13999938964844
2019-09-05,15.305333137512207,52.08005142211914,60.569000244140625,190.89999389648438
2019-09-06,15.16333293914795,52.075157165527344,60.246498107910156,187.49000549316406
2019-09-09,15.452667236328125,52.2973747253418,60.22050094604492,188.75999450683594
2019-09-10,15.702667236328125,52.915164947509766,60.29999923706055,186.1699981689453
2019-09-11,16.47333335876465,54.597599029541016,61.00849914550781,188.49000549316406
2019-09-12,16.391332626342773,54.47550582885742,61.712501525878906,187.47000122070312
2019-09-13,16.34666633605957,53.41574478149414,61.97800064086914,187.19000244140625
2019-09-16,16.187332153320312,53.696556091308594,61.564998626708984,186.22000122070312
2019-09-17,16.319332122802734,53.89191436767578,61.45750045776367,188.0800018310547
2019-09-18,16.232667922973633,54.397369384765625,61.62049865722656,188.13999938964844
2019-09-19,16.440000534057617,53.95539474487305,61.93550109863281,190.13999938964844
2019-09-20,16.041332244873047,53.16667938232422,61.496498107910156,189.92999267578125
2019-09-23,16.082000732421875,53.408424377441406,61.701499938964844,186.82000732421875
2019-09-24,14.880666732788086,53.15447235107422,60.9379997253418,181.27999877929688
2019-09-25,15.24666690826416,53.97249221801758,62.32600021362305,182.8000030517578
2019-09-26,16.17066764831543,53.69411849975586,62.06949996948242,180.11000061035156
2019-09-27,16.142000198364258,53.43284225463867,61.25450134277344,177.10000610351562
2019-09-30,16.058000564575195,54.69040298461914,60.95000076293945,178.0800018310547
2019-10-01,16.312667846679688,54.841793060302734,60.255001068115234,175.80999755859375
2019-10-02,16.208667755126953,53.46702194213867,58.83150100708008,174.60000610351562
2019-10-03,15.535332679748535,53.921207427978516,59.39149856567383,179.3800048828125
2019-10-04,15.428667068481445,55.43272399902344,60.45000076293945,180.4499969482422
2019-10-07,15.847999572753906,55.44493103027344,60.38399887084961,179.67999267578125
2019-10-08,16.003332138061523,54.7953987121582,59.45650100708008,177.75
2019-10-09,16.302000045776367,55.43760299682617,60.115501403808594,179.85000610351562
2019-10-10,16.31599998474121,56.18482208251953,60.43349838256836,180.02999877929688
2019-10-11,16.525999069213867,57.679237365722656,60.772499084472656,184.19000244140625
2019-10-14,17.130666732788086,57.596214294433594,60.856998443603516,183.27999877929688
2019-10-15,17.19266700744629,57.461917877197266,62.1505012512207,188.88999938964844
2019-10-16,17.316667556762695,57.22993469238281,62.18199920654297,189.5500030517578
2019-10-17,17.46466636657715,57.452144622802734,62.653499603271484,190.38999938964844
2019-10-18,17.1299991607666,57.72807693481445,62.27450180053711,185.85000610351562
2019-10-21,16.899999618530273,58.7292366027832,62.307498931884766,189.75999450683594
2019-10-22,17.038667678833008,58.594932556152344,62.13999938964844,182.33999633789062
2019-10-23,16.978666305541992,59.38121032714844,62.95650100708008,186.14999389648438
2019-10-24,19.978666305541992,59.47889709472656,63.04949951171875,186.3800048828125
2019-10-25,21.875333786010742,60.211448669433594,63.256500244140625,187.88999938964844
2019-10-28,21.847333908081055,60.81458282470703,64.5,189.39999389648438
2019-10-29,21.08133316040039,59.4080696105957,63.13100051879883,189.30999755859375
2019-10-30,21.000667572021484,59.400753021240234,63.06449890136719,188.25
2019-10-31,20.994667053222656,60.743778228759766,63.00550079345703,191.64999389648438
2019-11-01,20.887332916259766,62.46773147583008,63.6870002746582,193.6199951171875
2019-11-04,21.1646671295166,62.87795639038086,64.56849670410156,194.72000122070312
2019-11-05,21.148000717163086,62.787620544433594,64.60150146484375,194.32000732421875
2019-11-06,21.77199935913086,62.81447219848633,64.58999633789062,191.5500030517578
2019-11-07,22.369333267211914,63.5394287109375,65.44300079345703,190.4199981689453
2019-11-08,22.47599983215332,63.71333694458008,65.56849670410156,190.83999633789062
2019-11-11,23.006000518798828,64.21785736083984,64.95950317382812,189.61000061035156
2019-11-12,23.32866668701172,64.15907287597656,64.94000244140625,194.47000122070312
2019-11-13,23.073999404907227,64.77381896972656,64.9000015258789,193.19000244140625
2019-11-14,23.290000915527344,64.32563781738281,65.572998046875,193.14999389648438
2019-11-15,23.47800064086914,65.08977508544922,66.74349975585938,195.10000610351562
2019-11-18,23.332666397094727,65.41796112060547,66.03500366210938,197.39999389648438
2019-11-19,23.968000411987305,65.2195816040039,65.77300262451172,199.32000732421875
2019-11-20,23.481332778930664,64.46033477783203,65.15249633789062,197.50999450683594
2019-11-21,23.655332565307617,64.17133331298828,65.06749725341797,197.92999267578125
2019-11-22,22.202667236328125,64.11498260498047,64.76699829101562,198.82000732421875
2019-11-25,22.422666549682617,65.23917388916016,65.33450317382812,199.7899932861328
2019-11-26,21.92799949645996,64.72974395751953,65.67749786376953,198.97000122070312
2019-11-27,22.086000442504883,65.59919738769531,65.64949798583984,202.0
2019-11-29,21.996000289916992,65.45469665527344,65.24800109863281,201.63999938964844
2019-12-02,22.32466697692871,64.6978988647461,64.49600219726562,199.6999969482422
2019-12-03,22.413333892822266,63.544342041015625,64.76399993896484,198.82000732421875
2019-12-04,22.20199966430664,64.1052017211914,66.0270004272461,198.7100067138672
2019-12-05,22.024667739868164,65.04568481445312,66.40650177001953,199.36000061035156
2019-12-06,22.392667770385742,66.3021240234375,67.03099822998047,201.0500030517578
2019-12-09,22.635332107543945,65.3738784790039,67.1780014038086,201.33999633789062
2019-12-10,23.256000518798828,65.7559585571289,67.23300170898438,200.8699951171875
2019-12-11,23.51333236694336,66.31681060791016,67.2509994506836,202.25999450683594
2019-12-12,23.978666305541992,66.48580932617188,67.51349639892578,196.75
2019-12-13,23.892667770385742,67.38956451416016,67.3915023803711,194.11000061035156
2019-12-16,25.433332443237305,68.54314422607422,68.05850219726562,197.9199981689453
2019-12-17,25.266000747680664,68.6778335571289,67.75599670410156,198.38999938964844
2019-12-18,26.209999084472656,68.51374816894531,67.63099670410156,202.5
2019-12-19,26.93600082397461,68.58231353759766,67.802001953125,206.05999755859375
2019-12-20,27.03933334350586,68.44026947021484,67.47949981689453,206.3000030517578
2019-12-23,27.947999954223633,69.5571060180664,67.44200134277344,206.17999267578125
2019-12-24,28.350000381469727,69.62322235107422,67.1780014038086,205.1199951171875
2019-12-26,28.729333877563477,71.00457000732422,68.0199966430664,207.7899932861328
2019-12-27,28.691999435424805,70.9776382446289,67.59449768066406,208.10000610351562
2019-12-30,27.64666748046875,71.39889526367188,66.80699920654297,204.41000366210938
2019-12-31,27.8886661529541,71.92057800292969,66.85099792480469,205.25
2020-01-02,28.68400001525879,73.56153869628906,68.36849975585938,209.77999877929688
2020-01-03,29.534000396728516,72.84637451171875,68.03299713134766,208.6699981689453
2020-01-06,30.1026668548584,73.42684173583984,69.71050262451172,212.60000610351562
2020-01-07,31.270666122436523,73.08149719238281,69.66699981689453,213.05999755859375
2020-01-08,32.80933380126953,74.25711059570312,70.21600341796875,215.22000122070312
2020-01-09,32.089332580566406,75.83438873291016,70.99150085449219,218.3000030517578
2020-01-10,31.876667022705078,76.00582885742188,71.48650360107422,218.05999755859375
2020-01-13,34.990665435791016,77.62964630126953,71.96150207519531,221.91000366210938
2020-01-14,35.861331939697266,76.58139038085938,71.54399871826172,219.05999755859375
2020-01-15,34.56666564941406,76.25320434570312,71.95999908447266,221.14999389648438
2020-01-16,34.232666015625,77.2083969116211,72.58499908447266,221.77000427246094
2020-01-17,34.03333282470703,78.06314849853516,74.01950073242188,222.13999938964844
2020-01-21,36.47999954223633,77.53414916992188,74.22000122070312,221.44000244140625
2020-01-22,37.97066879272461,77.81089782714844,74.29750061035156,221.32000732421875
2020-01-23,38.14666748046875,78.18562316894531,74.3324966430664,219.75999450683594
2020-01-24,37.654666900634766,77.96028900146484,73.33550262451172,217.94000244140625
2020-01-27,37.201332092285156,75.66786193847656,71.69499969482422,214.8699951171875
2020-01-28,37.793331146240234,77.80844116210938,72.62799835205078,217.7899932861328
2020-01-29,38.732666015625,79.43714904785156,72.93150329589844,223.22999572753906
2020-01-30,42.72066879272461,79.322021484375,72.79199981689453,209.52999877929688
2020-01-31,43.371334075927734,75.80500030517578,71.71150207519531,201.91000366210938
2020-02-03,52.0,75.59679412841797,74.2969970703125,204.19000244140625
2020-02-04,59.137332916259766,78.0925521850586,72.35350036621094,209.8300018310547
2020-02-05,48.97999954223633,78.72933959960938,72.4114990234375,210.11000061035156
2020-02-06,49.930667877197266,79.65022277832031,73.8115005493164,210.85000610351562
2020-02-07,49.871334075927734,78.56758117675781,73.96150207519531,212.3300018310547
2020-02-10,51.41866683959961,78.94073486328125,75.43399810791016,213.05999755859375
2020-02-11,51.62533187866211,78.46446228027344,75.43949890136719,207.19000244140625
2020-02-12,51.15266799926758,80.32781219482422,75.91349792480469,210.75999450683594
2020-02-13,53.599998474121094,79.75579071044922,75.73300170898438,213.13999938964844
2020-02-14,53.33533477783203,79.77542877197266,76.03700256347656,214.17999267578125
2020-02-18,57.22666549682617,78.31470489501953,75.9834976196289,217.8000030517578
2020-02-19,61.16133117675781,79.44890594482422,76.33450317382812,217.49000549316406
2020-02-20,59.96066665649414,78.63385009765625,75.90750122070312,214.5800018310547
2020-02-21,60.06666564941406,76.85398864746094,74.25550079345703,210.17999267578125
2020-02-24,55.58599853515625,73.20338439941406,71.07949829101562,200.72000122070312
2020-02-25,53.32733154296875,70.72381591796875,69.42250061035156,196.77000427246094
2020-02-26,51.91999816894531,71.84576416015625,69.65899658203125,197.1999969482422
2020-02-27,45.266666412353516,67.14933013916016,65.90450286865234,189.75
2020-02-28,44.53266525268555,67.11005401611328,66.96649932861328,192.47000122070312
2020-03-02,49.574668884277344,73.35804748535156,69.45549774169922,196.44000244140625
2020-03-03,49.70066833496094,71.02825927734375,67.06950378417969,185.88999938964844
2020-03-04,49.96666717529297,74.32286834716797,69.32599639892578,191.75999450683594
2020-03-05,48.30266571044922,71.91207122802734,65.9520034790039,185.1699981689453
2020-03-06,46.89866638183594,70.9570541381836,64.92050170898438,181.08999633789062
2020-03-09,40.53333282470703,65.34490966796875,60.77799987792969,169.5
2020-03-10,43.02199935913086,70.05115509033203,64.01950073242188,178.19000244140625
2020-03-11,42.28200149536133,67.61824798583984,60.77050018310547,170.24000549316406
2020-03-12,37.369998931884766,60.94062805175781,55.74549865722656,154.47000122070312
2020-03-13,36.44133377075195,68.2417984008789,60.98649978637695,170.27999877929688
2020-03-16,29.67133331298828,59.46270751953125,54.21649932861328,146.00999450683594
2020-03-17,28.68000030517578,62.077293395996094,55.9900016784668,149.4199981689453
2020-03-18,24.08133316040039,60.557640075683594,54.84000015258789,146.9600067138672
2020-03-19,28.50933265686035,60.09364700317383,55.76449966430664,153.1300048828125
2020-03-20,28.50200080871582,56.27857971191406,53.61600112915039,149.72999572753906
2020-03-23,28.952667236328125,55.082977294921875,52.83100128173828,148.10000610351562
2020-03-24,33.66666793823242,60.60920715332031,56.722999572753906,160.97999572753906
2020-03-25,35.95000076293945,60.27532196044922,55.1245002746582,156.2100067138672
2020-03-26,35.21066665649414,63.44718551635742,58.087501525878906,163.33999633789062
2020-03-27,34.29066848754883,60.82033157348633,55.535499572753906,156.7899932861328
2020-03-30,33.47533416748047,62.55601501464844,57.340999603271484,165.9499969482422
2020-03-31,34.93333435058594,62.42835235595703,58.140499114990234,166.8000030517578
2020-04-01,32.104000091552734,59.14356231689453,55.28099822998047,159.60000610351562
2020-04-02,30.29800033569336,60.130470275878906,56.04199981689453,158.19000244140625
2020-04-03,32.000667572021484,59.26631164550781,54.89400100708008,154.17999267578125
2020-04-06,34.41600036621094,64.43655395507812,59.34600067138672,165.5500030517578
2020-04-07,36.36333465576172,63.69022750854492,59.32550048828125,168.8300018310547
2020-04-08,36.589332580566406,65.32035064697266,60.513999938964844,174.27999877929688
2020-04-09,38.20000076293945,65.79170227050781,60.5724983215332,175.19000244140625
2020-04-13,43.39666748046875,67.08306121826172,60.87799835205078,174.7899932861328
2020-04-14,47.32600021362305,70.4709701538086,63.46149826049805,178.1699981689453
2020-04-15,48.65533447265625,69.82774353027344,63.12350082397461,176.97000122070312
2020-04-16,49.680667877197266,70.38258361816406,63.173500061035156,176.25
2020-04-17,50.259334564208984,69.42758178710938,64.1624984741211,179.24000549316406
2020-04-20,49.75733184814453,67.98648834228516,63.330501556396484,178.24000549316406
2020-04-21,45.781333923339844,65.88500213623047,60.81700134277344,170.8000030517578
2020-04-22,48.807334899902344,67.78272247314453,63.160499572753906,182.27999877929688
2020-04-23,47.04199981689453,67.5200424194336,63.81549835205078,185.1300048828125
2020-04-24,48.34333419799805,69.46932220458984,63.96549987792969,190.07000732421875
2020-04-27,53.25,69.51842498779297,63.79399871826172,187.5
2020-04-28,51.27466583251953,68.39158630371094,61.68349838256836,182.91000366210938
2020-04-29,53.367332458496094,70.6379165649414,67.0739974975586,194.19000244140625
2020-04-30,52.12533187866211,72.1280746459961,67.43299865722656,204.7100067138672
2020-05-01,46.75466537475586,70.96687316894531,66.03050231933594,202.27000427246094
2020-05-04,50.74599838256836,71.97097778320312,66.33999633789062,205.25999450683594
2020-05-05,51.2140007019043,73.0511703491211,67.55549621582031,207.07000732421875
2020-05-06,52.172000885009766,73.80486297607422,67.36499786376953,208.47000122070312
2020-05-07,52.00266647338867,74.56836700439453,68.62799835205078,211.25999450683594
2020-05-08,54.62799835205078,76.34322357177734,69.41850280761719,212.35000610351562
2020-05-11,54.08599853515625,77.54450225830078,70.16300201416016,213.17999267578125
2020-05-12,53.96066665649414,76.6583023071289,68.78700256347656,210.10000610351562
2020-05-13,52.73066711425781,75.73271179199219,67.46649932861328,205.10000610351562
2020-05-14,53.55533218383789,76.19798278808594,67.80650329589844,206.80999755859375
2020-05-15,53.27799987792969,75.74750518798828,68.65950012207031,210.8800048828125
2020-05-18,54.242000579833984,77.53218841552734,69.1969985961914,213.19000244140625
2020-05-19,53.867332458496094,77.08416748046875,68.67424774169922,216.8800048828125
2020-05-20,54.37066650390625,78.58333587646484,70.33599853515625,229.97000122070312
2020-05-21,55.17333221435547,77.99745178222656,70.13999938964844,231.38999938964844
2020-05-22,54.45866775512695,78.49961853027344,70.52100372314453,234.91000366210938
2020-05-26,54.591331481933594,77.9679183959961,70.85099792480469,232.1999969482422
2020-05-27,54.68199920654297,78.3076171875,70.89199829101562,229.13999938964844
2020-05-28,53.72066879272461,78.34208679199219,70.83650207519531,225.4600067138672
2020-05-29,55.66666793823242,78.26577758789062,71.44599914550781,225.08999633789062
2020-06-01,59.87333297729492,79.22827911376953,71.59100341796875,231.91000366210938
2020-06-02,58.770668029785156,79.59505462646484,71.96099853515625,232.72000122070312
2020-06-03,58.86399841308594,80.03323364257812,71.81900024414062,230.16000366210938
2020-06-04,57.62533187866211,79.34396362304688,70.60900115966797,226.2899932861328
2020-06-05,59.04399871826172,81.60376739501953,71.91950225830078,230.77000427246094
2020-06-08,63.327999114990234,82.08625030517578,72.33049774169922,231.39999389648438
2020-06-09,62.711334228515625,84.6783676147461,72.80799865722656,238.6699981689453
2020-06-10,68.336669921875,86.85694122314453,73.2925033569336,236.72999572753906
2020-06-11,64.85600280761719,82.6868896484375,70.19200134277344,224.42999267578125
2020-06-12,62.35200119018555,83.40077209472656,70.65899658203125,228.5800018310547
2020-06-15,66.05999755859375,84.43219757080078,70.99250030517578,232.5
2020-06-16,65.47533416748047,86.66983795166016,72.13600158691406,235.64999389648438
2020-06-17,66.11933135986328,86.54923248291016,72.55599975585938,235.52999877929688
2020-06-18,66.9306640625,86.58369445800781,71.7979965209961,235.94000244140625
2020-06-19,66.72666931152344,86.08889770507812,71.58599853515625,238.7899932861328
2020-06-22,66.28800201416016,88.34130096435547,72.59300231933594,239.22000122070312
2020-06-23,66.78533172607422,90.22693634033203,73.22049713134766,242.24000549316406
2020-06-24,64.0566635131836,88.63424682617188,71.59850311279297,234.02000427246094
2020-06-25,65.73200225830078,89.8109130859375,72.06649780273438,235.67999267578125
2020-06-26,63.982666015625,87.05139923095703,67.99500274658203,216.0800018310547
2020-06-29,67.29000091552734,89.05766296386719,69.74849700927734,220.63999938964844
2020-06-30,71.98733520507812,89.80107116699219,70.68049621582031,227.07000732421875
2020-07-01,74.64199829101562,89.63121032714844,71.9020004272461,237.5500030517578
2020-07-02,80.57733154296875,89.63121032714844,73.23500061035156,233.4199981689453
2020-07-06,91.43866729736328,92.02885437011719,74.78500366210938,240.27999877929688
2020-07-07,92.65733337402344,91.74331665039062,74.25900268554688,240.86000061035156
2020-07-08,91.05867004394531,93.8800277709961,74.80000305175781,243.5800018310547
2020-07-09,92.9520034790039,94.28373718261719,75.54949951171875,244.5
2020-07-10,102.97666931152344,94.44866180419922,77.08699798583984,245.07000732421875
2020-07-13,99.80400085449219,94.0129623413086,75.56700134277344,239.0
2020-07-14,101.12000274658203,95.56871795654297,76.02899932861328,239.72999572753906
2020-07-15,103.06732940673828,96.2259750366211,75.68199920654297,240.27999877929688
2020-07-16,100.04266357421875,95.04192352294922,75.9000015258789,240.92999267578125
2020-07-17,100.05599975585938,94.84992218017578,75.77749633789062,242.02999877929688
2020-07-20,109.53333282470703,96.84876251220703,78.28600311279297,245.4199981689453
2020-07-21,104.55733489990234,95.5121078491211,77.9209976196289,241.75
2020-07-22,106.15533447265625,95.78042602539062,78.42449951171875,239.8699951171875
2020-07-23,100.87133026123047,91.42083740234375,75.78399658203125,232.60000610351562
2020-07-24,94.46666717529297,91.1943588256836,75.59349822998047,230.7100067138672
2020-07-27,102.63999938964844,93.35568237304688,76.51000213623047,233.5
2020-07-28,98.43267059326172,91.82209014892578,75.01699829101562,230.1199951171875
2020-07-29,99.94066619873047,93.5821762084961,76.10099792480469,233.2899932861328
2020-07-30,99.16600036621094,94.71453857421875,76.57250213623047,234.5
2020-07-31,95.38400268554688,104.63007354736328,74.14800262451172,253.6699981689453
2020-08-03,99.0,107.2665023803711,73.72250366210938,251.9600067138672
2020-08-04,99.13333129882812,107.98284149169922,73.24849700927734,249.8300018310547
2020-08-05,99.00133514404297,108.37422943115234,73.68049621582031,249.1199951171875
2020-08-06,99.30533599853516,112.15532684326172,75.00499725341797,265.2799987792969
2020-08-07,96.84733581542969,109.60540008544922,74.72450256347656,268.44000244140625
2020-08-10,94.57133483886719,111.19847869873047,74.80500030517578,263.0
2020-08-11,91.6259994506836,107.89146423339844,74.01599884033203,256.1300048828125
2020-08-12,103.65066528320312,111.47715759277344,75.33100128173828,259.8900146484375
2020-08-13,108.06666564941406,113.45002746582031,75.92250061035156,261.29998779296875
2020-08-14,110.04733276367188,113.34893035888672,75.3864974975586,261.239990234375
2020-08-17,122.3759994506836,113.052978515625,75.89900207519531,261.1600036621094
2020-08-18,125.80599975585938,113.99504089355469,77.93000030517578,262.3399963378906
2020-08-19,125.23533630371094,114.13806915283203,77.37650299072266,262.5899963378906
2020-08-20,133.45533752441406,116.67074584960938,79.0875015258789,269.010009765625
2020-08-21,136.6653289794922,122.68306732177734,79.02100372314453,267.010009765625
2020-08-24,134.27999877929688,124.150390625,79.41000366210938,271.3900146484375
2020-08-25,134.8893280029297,123.13189697265625,80.41100311279297,280.82000732421875
2020-08-26,143.54466247558594,124.80638122558594,82.61900329589844,303.9100036621094
2020-08-27,149.25,123.31439971923828,81.71649932861328,293.2200012207031
2020-08-28,147.55999755859375,123.1146240234375,82.22049713134766,293.6600036621094
2020-08-31,166.10667419433594,127.28971099853516,81.70899963378906,293.20001220703125
2020-09-01,158.35000610351562,132.36001586914062,83.0354995727539,295.44000244140625
2020-09-02,149.1233367919922,129.6177215576172,86.41400146484375,302.5
2020-09-03,135.6666717529297,119.24041748046875,82.09200286865234,291.1199951171875
2020-09-04,139.44000244140625,119.3193130493164,79.552001953125,282.7300109863281
2020-09-08,110.06999969482422,111.28972625732422,76.61949920654297,271.1600036621094
2020-09-09,122.09333038330078,115.72870635986328,77.8479995727539,273.7200012207031
2020-09-10,123.77999877929688,111.95064544677734,76.60099792480469,268.0899963378906
2020-09-11,124.23999786376953,110.48085021972656,76.03600311279297,266.6099853515625
2020-09-14,139.8733367919922,113.79528045654297,75.96399688720703,266.1499938964844
2020-09-15,149.9199981689453,113.97284698486328,77.0719985961914,272.4200134277344
2020-09-16,147.25332641601562,110.60908508300781,76.04499816894531,263.5199890136719
2020-09-17,141.14332580566406,108.8433609008789,74.77649688720703,254.82000732421875
2020-09-18,147.38333129882812,105.39083099365234,72.99949645996094,252.52999877929688
2020-09-21,149.79666137695312,108.58690643310547,71.55799865722656,248.14999389648438
2020-09-22,141.41000366210938,110.2934341430664,73.27300262451172,254.75
2020-09-23,126.78666687011719,105.66705322265625,70.760498046875,249.02000427246094
2020-09-24,129.26333618164062,106.75212860107422,71.41449737548828,249.52999877929688
2020-09-25,135.77999877929688,110.7570571899414,72.24800109863281,254.82000732421875
2020-09-28,140.39999389648438,113.40070343017578,73.22599792480469,256.82000732421875
2020-09-29,139.69000244140625,112.5425033569336,73.46649932861328,261.7900085449219
2020-09-30,143.00332641601562,114.23916625976562,73.4800033569336,261.8999938964844
2020-10-01,149.3866729736328,115.20587921142578,74.50450134277344,266.6300048828125
2020-10-02,138.3633270263672,111.48703002929688,72.9209976196289,259.94000244140625
2020-10-05,141.89332580566406,114.9198226928711,74.3010025024414,264.6499938964844
2020-10-06,137.9933319091797,111.6251220703125,72.6719970703125,258.6600036621094
2020-10-07,141.76666259765625,113.51908111572266,73.0145034790039,258.1199951171875
2020-10-08,141.97332763671875,113.41056823730469,74.29650115966797,263.760009765625
2020-10-09,144.6666717529297,115.3834457397461,75.76100158691406,264.45001220703125
2020-10-12,147.43333435058594,122.71267700195312,78.4574966430664,275.75
2020-10-13,148.88333129882812,119.45742797851562,78.58399963378906,276.1400146484375
2020-10-14,153.76666259765625,119.54620361328125,78.40399932861328,271.82000732421875
2020-10-15,149.6266632080078,119.07270812988281,77.95649719238281,266.7200012207031
2020-10-16,146.55667114257812,117.4056396484375,78.65049743652344,265.92999267578125
2020-10-19,143.61000061035156,114.40686798095703,76.73049926757812,261.3999938964844
2020-10-20,140.64666748046875,115.91612243652344,77.79650115966797,267.55999755859375
2020-10-21,140.8800048828125,115.28480529785156,79.66549682617188,278.7300109863281
2020-10-22,141.92999267578125,114.17999267578125,80.7665023803711,278.1199951171875
2020-10-23,140.2100067138672,113.47962188720703,82.05000305175781,284.7900085449219
2020-10-26,140.0933380126953,113.48948669433594,79.52249908447266,277.1099853515625
2020-10-27,141.55999755859375,115.01846313476562,80.21299743652344,283.2900085449219
2020-10-28,135.33999633789062,109.69169616699219,75.83100128173828,267.6700134277344
2020-10-29,136.94332885742188,113.75582122802734,78.36199951171875,280.8299865722656
2020-10-30,129.34666442871094,107.38346099853516,81.05049896240234,263.1099853515625
2020-11-02,133.50332641601562,107.29464721679688,81.30149841308594,261.3599853515625
2020-11-03,141.3000030517578,108.9420166015625,82.510498046875,265.29998779296875
2020-11-04,140.32666015625,113.39083862304688,87.45649719238281,287.3800048828125
2020-11-05,146.02999877929688,117.41549682617188,88.16850280761719,294.67999267578125
2020-11-06,143.31666564941406,117.28211975097656,88.0875015258789,293.4100036621094
2020-11-09,140.4199981689453,114.94021606445312,88.1500015258789,278.7699890136719
2020-11-10,136.7866668701172,114.59436798095703,87.01950073242188,272.42999267578125
2020-11-11,139.0433349609375,118.07261657714844,87.635498046875,276.4800109863281
2020-11-12,137.25332641601562,117.7959213256836,87.49199676513672,275.0799865722656
2020-11-13,136.1666717529297,117.84534454345703,88.85099792480469,276.95001220703125
2020-11-16,136.02999877929688,118.8730239868164,89.06900024414062,278.9599914550781
2020-11-17,147.20333862304688,117.97380065917969,88.50749969482422,275.0
2020-11-18,162.2133331298828,116.62994384765625,87.33899688720703,271.9700012207031
2020-11-19,166.42333984375,117.23270416259766,88.19599914550781,272.94000244140625
2020-11-20,163.20333862304688,115.9481201171875,87.1094970703125,269.70001220703125
2020-11-23,173.9499969482422,112.49952697753906,86.74299621582031,268.42999267578125
2020-11-24,185.1266632080078,113.8038558959961,88.44400024414062,276.9200134277344
2020-11-25,191.3333282470703,114.65364837646484,88.57150268554688,275.5899963378906
2020-11-27,195.25332641601562,115.2070083618164,89.65950012207031,277.80999755859375
2020-11-30,189.1999969482422,117.6378402709961,88.03700256347656,276.9700012207031
2020-12-01,194.9199981689453,121.26431274414062,89.90499877929688,286.54998779296875
2020-12-02,189.60667419433594,121.62003326416016,91.39749908447266,287.5199890136719
2020-12-03,197.7933349609375,121.48169708251953,91.3385009765625,281.8500061035156
2020-12-04,199.67999267578125,120.79988098144531,91.39949798583984,279.70001220703125
2020-12-07,213.9199981689453,122.2820816040039,90.9739990234375,285.5799865722656
2020-12-08,216.6266632080078,122.90461730957031,90.92749786376953,283.3999938964844
2020-12-09,201.4933319091797,120.33545684814453,89.20649719238281,277.9200134277344
2020-12-10,209.02333068847656,121.77812957763672,88.7665023803711,277.1199951171875
2020-12-11,203.3300018310547,120.95796966552734,89.0885009765625,273.54998779296875
2020-12-14,213.27667236328125,120.33545684814453,88.00299835205078,274.19000244140625
2020-12-15,211.0833282470703,126.36308288574219,88.38849639892578,275.54998779296875
2020-12-16,207.58999633789062,126.2939224243164,88.1500015258789,275.6700134277344
2020-12-17,218.63333129882812,127.1733627319336,87.3949966430664,274.4800109863281
2020-12-18,231.6666717529297,125.15757751464844,86.55049896240234,276.3999938964844
2020-12-21,216.6199951171875,126.70893859863281,86.96849822998047,272.7900085449219
2020-12-22,213.44667053222656,130.31564331054688,86.17500305175781,267.0899963378906
2020-12-23,215.32666015625,129.4065704345703,86.61900329589844,268.1099853515625
2020-12-24,220.58999633789062,130.4045867919922,86.94249725341797,267.3999938964844
2020-12-28,221.22999572753906,135.06858825683594,88.80449676513672,277.0
2020-12-29,221.99667358398438,133.2701873779297,87.93599700927734,276.7799987792969
2020-12-30,231.5933380126953,132.13381958007812,86.97599792480469,271.8699951171875
2020-12-31,235.22332763671875,131.1160430908203,87.59400177001953,273.1600036621094
2021-01-04,243.2566680908203,127.8749771118164,86.41200256347656,268.94000244140625
2021-01-05,245.0366668701172,129.45594787597656,87.0459976196289,270.9700012207031
2021-01-06,251.9933319091797,125.09827423095703,86.7645034790039,263.30999755859375
2021-01-07,272.0133361816406,129.36703491210938,89.36250305175781,268.739990234375
2021-01-08,293.3399963378906,130.48362731933594,90.3604965209961,267.57000732421875
2021-01-11,270.39666748046875,127.45004272460938,88.33599853515625,256.8399963378906
2021-01-12,283.14666748046875,127.2721939086914,87.32749938964844,251.08999633789062
2021-01-13,284.8033447265625,129.33737182617188,87.72000122070312,251.63999938964844
2021-01-14,281.6666564941406,127.3808822631836,87.00900268554688,245.63999938964844
2021-01-15,275.38665771484375,125.63187408447266,86.80950164794922,251.36000061035156
2021-01-19,281.51666259765625,126.31369018554688,89.54299926757812,261.1000061035156
2021-01-20,283.48333740234375,130.46388244628906,94.34500122070312,267.4800109863281
2021-01-21,281.663330078125,135.24644470214844,94.5625,272.8699951171875
2021-01-22,282.21331787109375,137.4203643798828,95.05249786376953,274.5
2021-01-25,293.6000061035156,141.2246856689453,94.97000122070312,278.010009765625
2021-01-26,294.36334228515625,141.46185302734375,95.86199951171875,282.04998779296875
2021-01-27,288.0533447265625,140.37489318847656,91.53949737548828,272.1400146484375
2021-01-28,278.4766540527344,135.46383666992188,93.15550231933594,265.0
2021-01-29,264.510009765625,130.3946990966797,91.78700256347656,258.3299865722656
2021-02-01,279.9366760253906,132.54884338378906,95.06749725341797,262.010009765625
2021-02-02,290.92999267578125,133.38877868652344,96.37550354003906,267.0799865722656
2021-02-03,284.89666748046875,132.35122680664062,103.50350189208984,266.6499938964844
2021-02-04,283.3299865722656,135.76026916503906,103.11849975585938,266.489990234375
2021-02-05,284.07666015625,135.3396759033203,104.9000015258789,268.1000061035156
2021-02-08,287.8066711425781,135.4881591796875,104.64550018310547,266.5799865722656
2021-02-09,283.1533203125,134.5974884033203,104.17549896240234,269.45001220703125
2021-02-10,268.2733459472656,133.98390197753906,104.76899719238281,271.8699951171875
2021-02-11,270.5533447265625,133.72665405273438,104.79450225830078,270.3900146484375
2021-02-12,272.0400085449219,133.96412658691406,105.20549774169922,270.5
2021-02-16,265.40667724609375,131.80677795410156,106.09500122070312,273.9700012207031
2021-02-17,266.04998779296875,129.48117065429688,106.41549682617188,273.57000732421875
2021-02-18,262.4599914550781,128.36293029785156,105.86000061035156,269.3900146484375
2021-02-19,260.4333190917969,128.521240234375,105.05699920654297,261.55999755859375
2021-02-22,238.1666717529297,124.69144439697266,103.24400329589844,260.3299865722656
2021-02-23,232.94667053222656,124.55289459228516,103.54299926757812,265.8599853515625
2021-02-24,247.33999633789062,124.04818725585938,104.75849914550781,264.30999755859375
2021-02-25,227.4066619873047,119.73347473144531,101.56800079345703,254.69000244140625
2021-02-26,225.1666717529297,120.00067138671875,101.84300231933594,257.6199951171875
2021-03-01,239.47666931152344,126.46285247802734,104.07550048828125,264.9100036621094
2021-03-02,228.81333923339844,123.82058715820312,103.79199981689453,259.0
2021-03-03,217.73333740234375,120.79235076904297,101.33550262451172,255.41000366210938
2021-03-04,207.14666748046875,118.88240814208984,102.45449829101562,257.6400146484375
2021-03-05,199.31666564941406,120.15900421142578,105.427001953125,264.2799987792969
2021-03-08,187.6666717529297,115.15155792236328,101.20850372314453,255.30999755859375
2021-03-09,224.52667236328125,119.83243560791016,102.63500213623047,265.739990234375
2021-03-10,222.68666076660156,118.73396301269531,102.75150299072266,264.8999938964844
2021-03-11,233.1999969482422,120.69339752197266,105.7385025024414,273.8800048828125
2021-03-12,231.2433319091797,119.77305603027344,103.09600067138672,268.3999938964844
2021-03-15,235.97999572753906,122.70230865478516,103.32450103759766,273.75
2021-03-16,225.6266632080078,124.26591491699219,104.6259994506836,279.2799987792969
2021-03-17,233.93666076660156,123.46431732177734,104.55400085449219,284.010009765625
2021-03-18,217.72000122070312,119.27825164794922,101.81099700927734,278.6199951171875
2021-03-19,218.2899932861328,118.74385070800781,102.16000366210938,290.1099853515625
2021-03-22,223.3333282470703,122.10855102539062,101.92949676513672,293.5400085449219
2021-03-23,220.72000122070312,121.26739501953125,102.64800262451172,290.6300048828125
2021-03-24,210.08999633789062,118.84281158447266,102.25299835205078,282.1400146484375
2021-03-25,213.4633331298828,119.3376235961914,102.21800231933594,278.739990234375
2021-03-26,206.23666381835938,119.9511947631836,101.77749633789062,283.0199890136719
2021-03-29,203.76333618164062,120.12931823730469,102.79750061035156,290.82000732421875
2021-03-30,211.8733367919922,118.65479278564453,102.7770004272461,288.0
2021-03-31,222.64332580566406,120.88143157958984,103.43150329589844,294.5299987792969
2021-04-01,220.5833282470703,121.72260284423828,106.88749694824219,298.6600036621094
2021-04-05,230.35000610351562,124.59248352050781,111.27749633789062,308.9100036621094
2021-04-06,230.5399932861328,124.89925384521484,111.23750305175781,306.260009765625
2021-04-07,223.6566619873047,126.57170867919922,112.48400115966797,313.0899963378906
2021-04-08,227.93333435058594,129.00616455078125,113.27200317382812,313.0199890136719
2021-04-09,225.67333984375,131.61874389648438,114.29399871826172,312.4599914550781
2021-04-12,233.9933319091797,129.8770294189453,112.739501953125,311.5400085449219
2021-04-13,254.10667419433594,133.03387451171875,113.3635025024414,309.760009765625
2021-04-14,244.07666015625,130.65882873535156,112.74199676513672,302.82000732421875
2021-04-15,246.28334045410156,133.10316467285156,114.83300018310547,307.82000732421875
2021-04-16,246.5933380126953,132.7667236328125,114.88800048828125,306.17999267578125
2021-04-19,238.2100067138672,133.43963623046875,115.12000274658203,302.239990234375
2021-04-20,239.663330078125,131.72760009765625,114.68150329589844,302.6499938964844
2021-04-21,248.0399932861328,132.11354064941406,114.66449737548828,301.4700012207031
2021-04-22,239.89666748046875,130.5697479248047,113.39600372314453,296.5199890136719
2021-04-23,243.13333129882812,132.92501831054688,115.76499938964844,301.1300048828125
2021-04-26,246.06666564941406,133.32089233398438,116.33699798583984,303.0400085449219
2021-04-27,234.913330078125,132.99429321289062,115.35600280761719,303.57000732421875
2021-04-28,231.46665954589844,132.1927490234375,118.99549865722656,307.1000061035156
2021-04-29,225.6666717529297,132.09376525878906,121.49449920654297,329.510009765625
2021-04-30,236.47999572753906,130.09474182128906,120.50599670410156,325.0799865722656
2021-05-03,228.3000030517578,131.16348266601562,119.75849914550781,322.5799865722656
2021-05-04,224.53334045410156,126.52222442626953,117.7125015258789,318.3599853515625
2021-05-05,223.64666748046875,126.76964569091797,117.83699798583984,315.0199890136719
2021-05-06,221.17999267578125,128.3926239013672,119.06749725341797,320.0199890136719
2021-05-07,224.1233367919922,129.07659912109375,119.93450164794922,319.0799865722656
2021-05-10,209.67999267578125,125.745849609375,117.08300018310547,305.9700012207031
2021-05-11,205.73333740234375,124.81402587890625,115.43800354003906,306.5299987792969
2021-05-12,196.6300048828125,121.70135498046875,111.9540023803711,302.54998779296875
2021-05-13,190.56333923339844,123.8822021484375,113.09850311279297,305.260009765625
2021-05-14,196.5800018310547,126.34062194824219,115.80799865722656,315.94000244140625
2021-05-17,192.27667236328125,125.17089080810547,116.07050323486328,315.4599914550781
2021-05-18,192.6233367919922,123.76325225830078,115.17150115966797,309.9599914550781
2021-05-19,187.82000732421875,123.60465240478516,115.43550109863281,313.5899963378906
2021-05-20,195.5933380126953,126.20182800292969,117.80449676513672,318.6099853515625
2021-05-21,193.6266632080078,124.33820343017578,117.25499725341797,316.2300109863281
2021-05-24,202.14666748046875,125.99366760253906,120.33350372314453,324.6300048828125
2021-05-25,201.56333923339844,125.79540252685547,120.45349884033203,327.7900085449219
2021-05-26,206.3766632080078,125.745849609375,121.67649841308594,327.6600036621094
2021-05-27,210.28334045410156,124.18950653076172,120.12550354003906,332.75
2021-05-28,208.4066619873047,123.52533721923828,120.5780029296875,328.7300109863281
2021-06-01,207.96665954589844,123.19820404052734,121.4905014038086,329.1300048828125
2021-06-02,201.7066650390625,123.97142791748047,121.06400299072266,329.1499938964844
2021-06-03,190.94667053222656,122.46464538574219,120.23049926757812,326.0400085449219
2021-06-04,199.68333435058594,124.79419708251953,122.58799743652344,330.3500061035156
2021-06-07,201.7100067138672,124.80411529541016,123.30449676513672,336.5799865722656
2021-06-08,201.19667053222656,125.63680267333984,124.14250183105469,333.67999267578125
2021-06-09,199.5933380126953,126.02339172363281,124.56999969482422,330.25
2021-06-10,203.3733367919922,125.01229095458984,126.08000183105469,332.4599914550781
2021-06-11,203.29666137695312,126.24149322509766,125.69650268554688,331.260009765625
2021-06-14,205.89666748046875,129.34425354003906,126.35199737548828,336.7699890136719
2021-06-15,199.7866668701172,128.5115509033203,126.03299713134766,336.75
2021-06-16,201.6233367919922,129.01712036132812,125.69650268554688,331.0799865722656
2021-06-17,205.53334045410156,130.64283752441406,126.37100219726562,336.510009765625
2021-06-18,207.77000427246094,129.32440185546875,125.56749725341797,329.6600036621094
2021-06-21,206.94332885742188,131.1483917236328,126.45500183105469,332.2900085449219
2021-06-22,207.90333557128906,132.81378173828125,126.99949645996094,339.0299987792969
2021-06-23,218.85667419433594,132.53622436523438,126.46150207519531,340.5899963378906
2021-06-24,226.60667419433594,132.2487335205078,127.28199768066406,343.17999267578125
2021-06-25,223.9566650390625,131.95135498046875,126.99500274658203,341.3699951171875
2021-06-28,229.57333374023438,133.6068115234375,126.81950378417969,355.6400146484375
2021-06-29,226.9199981689453,135.14332580566406,126.01850128173828,351.8900146484375
2021-06-30,226.56666564941406,135.76785278320312,125.31600189208984,347.7099914550781
2021-07-01,225.97332763671875,136.07513427734375,126.36849975585938,354.3900146484375
2021-07-02,226.3000030517578,138.74172973632812,128.718994140625,354.70001220703125
2021-07-06,219.86000061035156,140.78378295898438,129.77099609375,352.7799987792969
2021-07-07,214.88333129882812,143.31161499023438,130.07749938964844,350.489990234375
2021-07-08,217.60333251953125,141.9932098388672,129.177001953125,345.6499938964844
2021-07-09,218.98333740234375,143.84690856933594,129.57449340820312,350.4200134277344
2021-07-12,228.56666564941406,143.24220275878906,130.56399536132812,353.1600036621094
2021-07-13,222.84666442871094,144.37228393554688,130.9945068359375,352.0899963378906
2021-07-14,217.7933349609375,147.85171508789062,132.08250427246094,347.6300048828125
2021-07-15,216.86666870117188,147.1875762939453,131.26649475097656,344.4599914550781
2021-07-16,214.74000549316406,145.11573791503906,131.8455047607422,341.1600036621094
2021-07-19,215.4066619873047,141.2100372314453,129.25399780273438,336.95001220703125
2021-07-20,220.1666717529297,144.87783813476562,131.10150146484375,341.6600036621094
2021-07-21,218.42999267578125,144.1343536376953,132.60049438476562,346.2300109863281
2021-07-22,216.4199981689453,145.52218627929688,133.32850646972656,351.19000244140625
2021-07-23,214.4600067138672,147.26686096191406,137.8159942626953,369.7900085449219
2021-07-26,219.2066650390625,147.69313049316406,139.64450073242188,372.4599914550781
2021-07-27,214.92666625976562,145.49244689941406,136.79649353027344,367.80999755859375
2021-07-28,215.66000366210938,143.718017578125,136.38150024414062,373.2799987792969
2021-07-29,225.78334045410156,144.37228393554688,136.54049682617188,358.32000732421875
2021-07-30,229.06666564941406,144.59036254882812,135.2209930419922,356.29998779296875
2021-08-02,236.55667114257812,144.25335693359375,135.989501953125,351.95001220703125
2021-08-03,236.5800018310547,146.0773162841797,136.27999877929688,351.239990234375
2021-08-04,236.97332763671875,145.67088317871094,136.02850341796875,358.9200134277344
2021-08-05,238.2100067138672,145.77992248535156,136.94000244140625,362.9700012207031
2021-08-06,233.03334045410156,145.08497619628906,137.03599548339844,363.510009765625
2021-08-09,237.9199981689453,145.03533935546875,138.0019989013672,361.6099853515625
2021-08-10,236.663330078125,144.5488739013672,138.09649658203125,361.1300048828125
2021-08-11,235.94000244140625,144.8070068359375,137.6894989013672,359.9599914550781
2021-08-12,240.75,147.81512451171875,138.38949584960938,362.6499938964844
2021-08-13,239.05667114257812,148.02362060546875,138.406005859375,363.17999267578125
2021-08-16,228.72332763671875,150.02902221679688,138.91600036621094,366.55999755859375
2021-08-17,221.90333557128906,149.10574340820312,137.30050659179688,358.45001220703125
2021-08-18,229.663330078125,145.3033905029297,136.57000732421875,355.45001220703125
2021-08-19,224.49000549316406,145.6409454345703,136.9134979248047,355.1199951171875
2021-08-20,226.75332641601562,147.12017822265625,138.43699645996094,359.3699951171875
2021-08-23,235.43333435058594,148.62921142578125,141.09950256347656,363.3500061035156
2021-08-24,236.163330078125,148.53985595703125,142.39849853515625,365.510009765625
2021-08-25,237.06666564941406,147.28895568847656,142.9499969482422,368.3900146484375
2021-08-26,233.72000122070312,146.47486877441406,142.1230010986328,364.3800048828125
2021-08-27,237.30667114257812,147.5272216796875,144.55050659179688,372.6300048828125
2021-08-30,243.6366729736328,152.0145721435547,145.46949768066406,380.6600036621094
2021-08-31,245.24000549316406,150.73391723632812,145.46200561523438,379.3800048828125
2021-09-01,244.69667053222656,151.40899658203125,145.8419952392578,382.04998779296875
2021-09-02,244.1300048828125,152.54075622558594,144.218994140625,375.2799987792969
2021-09-03,244.52333068847656,153.1860809326172,144.77499389648438,376.260009765625
2021-09-07,250.97332763671875,155.55882263183594,145.5189971923828,382.17999267578125
2021-09-08,251.2899932861328,153.990234375,144.8834991455078,377.57000732421875
2021-09-09,251.6199951171875,152.95773315429688,144.9134979248047,378.0
2021-09-10,245.42333984375,147.89454650878906,141.92100524902344,378.69000244140625
2021-09-13,247.6666717529297,148.47036743164062,143.46499633789062,376.510009765625
2021-09-14,248.163330078125,147.05068969726562,143.406005859375,376.5299987792969
2021-09-15,251.94332885742188,147.95413208007812,145.20599365234375,373.9200134277344
2021-09-16,252.3300018310547,147.71585083007812,144.37350463867188,373.05999755859375
2021-09-17,253.163330078125,145.00555419921875,141.4635009765625,364.7200012207031
2021-09-20,243.38999938964844,141.90809631347656,139.01699829101562,355.70001220703125
2021-09-21,246.4600067138672,142.39453125,139.64649963378906,357.4800109863281
2021-09-22,250.64666748046875,144.7970733642578,140.93850708007812,343.2099914550781
2021-09-23,251.2133331298828,145.77000427246094,141.82650756835938,345.9599914550781
2021-09-24,258.1300048828125,145.85934448242188,142.63299560546875,352.9599914550781
2021-09-27,263.78668212890625,144.32052612304688,141.50100708007812,353.5799865722656
2021-09-28,259.1866760253906,140.88551330566406,136.1840057373047,340.6499938964844
2021-09-29,260.4366760253906,141.7988739013672,134.52099609375,339.6099853515625
2021-09-30,258.49334716796875,140.47850036621094,133.2655029296875,339.3900146484375
2021-10-01,258.40667724609375,141.62017822265625,136.46249389648438,343.010009765625
2021-10-04,260.510009765625,138.13552856445312,133.76499938964844,326.2300109863281
2021-10-05,260.1966552734375,140.09129333496094,136.177001953125,332.9599914550781
2021-10-06,260.9166564941406,140.97486877441406,137.35400390625,333.6400146484375
2021-10-07,264.53668212890625,142.25555419921875,139.1855010986328,329.2200012207031
2021-10-08,261.8299865722656,141.86837768554688,140.05599975585938,330.04998779296875
2021-10-11,263.9800109863281,141.77902221679688,138.84750366210938,325.45001220703125
2021-10-12,268.5733337402344,140.48841857910156,136.71299743652344,323.7699890136719
2021-10-13,270.3599853515625,139.8927459716797,137.89999389648438,324.5400085449219
2021-10-14,272.7733459472656,142.72213745117188,141.41200256347656,328.5299987792969
2021-10-15,281.010009765625,143.7943572998047,141.6750030517578,324.760009765625
2021-10-18,290.03668212890625,145.4920196533203,142.9604949951172,335.3399963378906
2021-10-19,288.0899963378906,147.68606567382812,143.82200622558594,339.989990234375
2021-10-20,288.6000061035156,148.1824493408203,142.4149932861328,340.7799987792969
2021-10-21,298.0,148.40086364746094,142.78050231933594,341.8800048828125
2021-10-22,303.2266540527344,147.6165771484375,138.625,324.6099853515625
2021-10-25,341.6199951171875,147.5669403076172,138.7729949951172,328.69000244140625
2021-10-26,339.4766540527344,148.24203491210938,139.6719970703125,315.80999755859375
2021-10-27,345.9533386230469,147.7754364013672,146.42750549316406,312.2200012207031
2021-10-28,359.0133361816406,151.46856689453125,146.12899780273438,316.9200134277344
2021-10-29,371.3333435058594,148.7185516357422,148.27049255371094,323.57000732421875
2021-11-01,402.86334228515625,147.88462829589844,143.7740020751953,329.9800109863281
2021-11-02,390.6666564941406,148.93698120117188,145.86300659179688,328.0799865722656
2021-11-03,404.6199951171875,150.39637756347656,146.7899932861328,331.6199951171875
2021-11-04,409.9700012207031,149.8701934814453,148.68299865722656,335.8500061035156
2021-11-05,407.36334228515625,150.4070587158203,149.24099731445312,341.1300048828125
2021-11-08,387.64666748046875,149.57191467285156,149.35150146484375,338.6199951171875
2021-11-09,341.1666564941406,149.93975830078125,149.24850463867188,335.3699951171875
2021-11-10,355.98333740234375,147.0664520263672,146.62600708007812,327.6400146484375
2021-11-11,354.5033264160156,147.01675415039062,146.7480010986328,327.739990234375
2021-11-12,344.47332763671875,149.12452697753906,149.64549255371094,340.8900146484375
2021-11-15,337.7966613769531,149.13446044921875,149.38800048828125,347.55999755859375
2021-11-16,351.57666015625,150.12867736816406,149.0760040283203,342.9599914550781
2021-11-17,363.0033264160156,152.6043243408203,149.06199645996094,340.7699890136719
2021-11-18,365.4599914550781,156.9590301513672,150.70899963378906,338.69000244140625
2021-11-19,379.0199890136719,159.6235809326172,149.95249938964844,345.29998779296875
2021-11-22,385.6233215332031,160.0908660888672,147.07850646972656,341.010009765625
2021-11-23,369.6766662597656,160.4786376953125,146.7570037841797,337.25
2021-11-24,372.0,161.0055694580078,146.71749877929688,341.05999755859375
2021-11-26,360.6400146484375,155.90516662597656,142.80599975585938,333.1199951171875
2021-11-29,378.9966735839844,159.3153839111328,146.11399841308594,338.0299987792969
2021-11-30,381.586669921875,164.34617614746094,142.45199584960938,324.4599914550781
2021-12-01,365.0,163.81922912597656,141.6179962158203,310.6000061035156
2021-12-02,361.5333251953125,162.8150634765625,143.77650451660156,310.3900146484375
2021-12-03,338.3233337402344,160.9061279296875,142.52049255371094,306.8399963378906
2021-12-06,336.336669921875,164.36605834960938,143.79649353027344,317.8699951171875
2021-12-07,350.5833435058594,170.19223022460938,148.0364990234375,322.80999755859375
2021-12-08,356.32000732421875,174.06973266601562,148.7205047607422,330.55999755859375
2021-12-09,334.6000061035156,173.552734375,148.1060028076172,329.82000732421875
2021-12-10,339.010009765625,178.41452026367188,148.6750030517578,329.75
2021-12-13,322.13665771484375,174.72593688964844,146.70449829101562,334.489990234375
2021-12-14,319.5033264160156,173.32406616210938,144.9705047607422,333.739990234375
2021-12-15,325.3299865722656,178.26539611816406,147.36849975585938,341.6600036621094
2021-12-16,308.97332763671875,171.2659912109375,144.8385009765625,334.8999938964844
2021-12-17,310.8566589355469,170.1524658203125,142.80299377441406,333.7900085449219
2021-12-20,299.9800109863281,168.77049255371094,142.40150451660156,325.45001220703125
2021-12-21,312.84332275390625,171.99179077148438,144.2205047607422,334.20001220703125
2021-12-22,336.2900085449219,174.6265106201172,146.94900512695312,330.45001220703125
2021-12-23,355.6666564941406,175.26280212402344,147.1425018310547,335.239990234375
2021-12-27,364.64666748046875,179.28944396972656,148.06399536132812,346.17999267578125
2021-12-28,362.8233337402344,178.25543212890625,146.447998046875,346.2200012207031
2021-12-29,362.0633239746094,178.3449249267578,146.50450134277344,342.94000244140625
2021-12-30,356.7799987792969,177.17172241210938,146.00250244140625,344.3599853515625
2021-12-31,352.260009765625,176.54537963867188,144.67950439453125,336.3500061035156
2022-01-03,399.9266662597656,180.95973205566406,145.07449340820312,338.5400085449219
2022-01-04,383.1966552734375,178.66307067871094,144.41650390625,336.5299987792969
2022-01-05,362.7066650390625,173.91065979003906,137.65350341796875,324.1700134277344
2022-01-06,354.8999938964844,171.0075225830078,137.55099487304688,332.4599914550781
2022-01-07,342.32000732421875,171.17652893066406,137.00450134277344,331.7900085449219
2022-01-10,352.7066650390625,171.19642639160156,138.57400512695312,328.07000732421875
2022-01-11,354.79998779296875,174.06973266601562,140.0175018310547,334.3699951171875
2022-01-12,368.739990234375,174.5171356201172,141.6479949951172,333.260009765625
2022-01-13,343.85333251953125,171.19642639160156,139.13099670410156,326.4800109863281
2022-01-14,349.8699951171875,172.07135009765625,139.7864990234375,331.8999938964844
2022-01-18,343.5033264160156,168.82020568847656,136.29049682617188,318.1499938964844
2022-01-19,331.8833312988281,165.2707977294922,135.65199279785156,319.5899963378906
2022-01-20,332.0899963378906,163.5607147216797,133.50650024414062,316.55999755859375
2022-01-21,314.6333312988281,161.4728546142578,130.0919952392578,303.1700134277344
2022-01-24,310.0,160.68739318847656,130.3719940185547,308.7099914550781
2022-01-25,306.1333312988281,158.85801696777344,126.7354965209961,300.1499938964844
2022-01-26,312.4700012207031,158.76853942871094,129.24000549316406,294.6300048828125
2022-01-27,276.3666687011719,158.30125427246094,129.12100219726562,294.6400146484375
2022-01-28,282.1166687011719,169.34715270996094,133.2895050048828,301.7099914550781
2022-01-31,312.239990234375,173.77146911621094,135.69850158691406,313.260009765625
2022-02-01,310.4166564941406,173.60244750976562,137.8784942626953,319.0
2022-02-02,301.88665771484375,174.82534790039062,148.0364990234375,323.0
2022-02-03,297.0466613769531,171.90231323242188,142.65049743652344,237.75999450683594
2022-02-04,307.7733459472656,171.61363220214844,143.01600646972656,237.08999633789062
2022-02-07,302.4466552734375,170.8869171142578,138.93800354003906,224.91000366210938
2022-02-08,307.3333435058594,174.04263305664062,139.21299743652344,220.17999267578125
2022-02-09,310.6666564941406,175.48609924316406,141.4530029296875,232.0
2022-02-10,301.51666259765625,171.34483337402344,138.6024932861328,228.07000732421875
2022-02-11,286.6666564941406,167.88052368164062,134.1300048828125,219.5500030517578
2022-02-14,291.9200134277344,168.11944580078125,135.3000030517578,217.6999969482422
2022-02-15,307.4766540527344,172.01181030273438,136.42550659179688,221.0
2022-02-16,307.7966613769531,171.7729034423828,137.4875030517578,216.5399932861328
2022-02-17,292.1166687011719,168.11944580078125,132.30850219726562,207.7100067138672
2022-02-18,285.6600036621094,166.54653930664062,130.46749877929688,206.16000366210938
2022-02-22,273.84332275390625,163.57997131347656,129.40249633789062,202.0800018310547
2022-02-23,254.67999267578125,159.34912109375,127.58499908447266,198.4499969482422
2022-02-24,266.92333984375,162.007080078125,132.67349243164062,207.60000610351562
2022-02-25,269.9566650390625,164.1075897216797,134.51950073242188,210.47999572753906
2022-02-28,290.1433410644531,164.37637329101562,134.89100646972656,211.02999877929688
2022-03-01,288.1233215332031,162.4650115966797,134.16799926757812,203.49000549316406
2022-03-02,293.2966613769531,165.80987548828125,134.75149536132812,208.11000061035156
2022-03-03,279.7633361816406,165.4813690185547,134.30799865722656,202.97000122070312
2022-03-04,279.42999267578125,162.43515014648438,132.1219940185547,200.05999755859375
2022-03-07,268.1933288574219,158.58258056640625,126.4645004272461,187.47000122070312
2022-03-08,274.79998779296875,156.73095703125,127.27850341796875,190.2899932861328
2022-03-09,286.3233337402344,162.2161407470703,133.86599731445312,198.5
2022-03-10,279.4333190917969,157.8061065673828,132.6820068359375,195.2100067138672
2022-03-11,265.1166687011719,154.0331573486328,130.47549438476562,187.61000061035156
2022-03-14,255.4566650390625,149.94166564941406,126.74099731445312,186.6300048828125
2022-03-15,267.2966613769531,154.39154052734375,129.66050720214844,192.02999877929688
2022-03-16,280.07666015625,158.8712615966797,133.6905059814453,203.6300048828125
2022-03-17,290.5333251953125,159.89663696289062,134.60049438476562,207.83999633789062
2022-03-18,301.7966613769531,163.2415008544922,136.80149841308594,216.49000549316406
2022-03-21,307.0533447265625,164.63519287109375,136.47850036621094,211.49000549316406
2022-03-22,331.32666015625,168.05972290039062,140.27749633789062,216.64999389648438
2022-03-23,333.03668212890625,169.44345092773438,138.5034942626953,213.4600067138672
2022-03-24,337.97332763671875,173.2860565185547,141.31199645996094,219.57000732421875
2022-03-25,336.8800048828125,173.93313598632812,141.52149963378906,221.82000732421875
2022-03-28,363.9466552734375,174.80918884277344,141.9499969482422,223.58999633789062
2022-03-29,366.5233459472656,178.15403747558594,143.25,229.86000061035156
2022-03-30,364.663330078125,176.9694061279297,142.64450073242188,227.85000610351562
2022-03-31,359.20001220703125,173.82363891601562,139.64950561523438,222.36000061035156
2022-04-01,361.5299987792969,173.52496337890625,140.6999969482422,224.85000610351562
2022-04-04,381.8166809082031,177.63638305664062,143.6425018310547,233.88999938964844
2022-04-05,363.7533264160156,174.27159118652344,141.06300354003906,231.83999633789062
2022-04-06,348.586669921875,171.05615234375,137.17599487304688,223.3000030517578
2022-04-07,352.4200134277344,171.36474609375,136.46499633789062,222.9499969482422
2022-04-08,341.8299865722656,169.32398986816406,134.010498046875,222.3300018310547
2022-04-11,325.30999755859375,165.00352478027344,129.79649353027344,216.4600067138672
2022-04-12,328.98333740234375,166.90493774414062,128.37449645996094,214.13999938964844
2022-04-13,340.7900085449219,169.63258361816406,130.28599548339844,214.99000549316406
2022-04-14,328.3333435058594,164.54559326171875,127.25299835205078,210.17999267578125
2022-04-18,334.7633361816406,164.32659912109375,127.96099853515625,210.77000427246094
2022-04-19,342.7166748046875,166.64608764648438,130.531005859375,217.30999755859375
2022-04-20,325.73333740234375,166.47686767578125,128.24549865722656,200.4199981689453
2022-04-21,336.260009765625,165.67051696777344,124.9375,188.07000732421875
2022-04-22,335.01666259765625,161.06134033203125,119.61399841308594,184.11000061035156
2022-04-25,332.67333984375,162.14645385742188,123.25,186.99000549316406
2022-04-26,292.1400146484375,156.09384155273438,119.50599670410156,180.9499969482422
2022-04-27,293.836669921875,155.86488342285156,115.02050018310547,174.9499969482422
2022-04-28,292.5033264160156,162.9030303955078,119.4114990234375,205.72999572753906
2022-04-29,290.2533264160156,156.94000244140625,114.96649932861328,200.47000122070312
2022-05-02,300.9800109863281,157.24862670898438,117.15699768066406,211.1300048828125
2022-05-03,303.0833435058594,158.7617645263672,118.12950134277344,212.02999877929688
2022-05-04,317.5400085449219,165.27232360839844,122.57499694824219,223.41000366210938
2022-05-05,291.09332275390625,156.06399536132812,116.74649810791016,208.27999877929688
2022-05-06,288.54998779296875,156.8017120361328,115.66000366210938,203.77000427246094
2022-05-09,262.3699951171875,151.59759521484375,113.08399963378906,196.2100067138672
2022-05-10,266.67999267578125,154.04013061523438,114.58450317382812,197.64999389648438
2022-05-11,244.6666717529297,146.05450439453125,113.96099853515625,188.74000549316406
2022-05-12,242.6666717529297,142.12648010253906,113.16100311279297,191.24000549316406
2022-05-13,256.5299987792969,146.66265869140625,116.5155029296875,198.6199951171875
2022-05-16,241.4566650390625,145.09742736816406,114.7925033569336,200.0399932861328
2022-05-17,253.8699951171875,148.7861785888672,116.70149993896484,202.6199951171875
2022-05-18,236.60333251953125,140.39178466796875,112.4010009765625,192.24000549316406
2022-05-19,236.47332763671875,136.9323272705078,110.74549865722656,191.2899932861328
2022-05-20,221.3000030517578,137.1715850830078,109.31300354003906,193.5399932861328
2022-05-23,224.96665954589844,142.6748046875,111.66649627685547,196.22999572753906
2022-05-24,209.3866729736328,139.93316650390625,105.9260025024414,181.27999877929688
2022-05-25,219.60000610351562,140.0926971435547,105.8395004272461,183.8300018310547
2022-05-26,235.91000366210938,143.34275817871094,108.2959976196289,191.6300048828125
2022-05-27,253.2100067138672,149.18495178222656,112.79900360107422,195.1300048828125
2022-05-31,252.75332641601562,148.38739013671875,114.03900146484375,193.63999938964844
2022-06-01,246.7899932861328,148.25778198242188,114.13700103759766,188.63999938964844
2022-06-02,258.3333435058594,150.75018310546875,117.74600219726562,198.86000061035156
2022-06-03,234.51666259765625,144.9379119873047,114.56400299072266,190.77999877929688
2022-06-06,238.27999877929688,145.6956024169922,117.010498046875,194.25
2022-06-07,238.8866729736328,148.25778198242188,117.22949981689453,195.64999389648438
2022-06-08,241.86666870117188,147.51007080078125,117.23799896240234,196.63999938964844
2022-06-09,239.7066650390625,142.20623779296875,114.91799926757812,184.0
2022-06-10,232.22999572753906,136.71299743652344,111.42749786376953,175.57000732421875
2022-06-13,215.73666381835938,131.4789581298828,106.87650299072266,164.25999450683594
2022-06-14,220.88999938964844,132.3562774658203,107.19400024414062,163.72999572753906
2022-06-15,233.0,135.01815795898438,110.3905029296875,169.35000610351562
2022-06-16,213.10000610351562,129.66448974609375,106.63600158691406,160.8699951171875
2022-06-17,216.75999450683594,131.15992736816406,107.8655014038086,163.74000549316406
2022-06-21,237.0366668701172,135.4568328857422,112.01499938964844,157.0500030517578
2022-06-22,236.086669921875,134.93841552734375,112.03399658203125,155.85000610351562
2022-06-23,235.07000732421875,137.8495330810547,112.68450164794922,158.75
2022-06-24,245.7066650390625,141.22921752929688,118.53800201416016,170.16000366210938
2022-06-27,244.9199981689453,141.22921752929688,116.62249755859375,169.49000549316406
2022-06-28,232.663330078125,137.02206420898438,112.57150268554688,160.67999267578125
2022-06-29,228.49000549316406,138.80661010742188,112.25650024414062,163.94000244140625
2022-06-30,224.47332763671875,136.3042449951172,109.37249755859375,161.25
2022-07-01,227.26333618164062,138.50750732421875,109.08100128173828,160.02999877929688
2022-07-05,233.06666564941406,141.1295166015625,113.88700103759766,168.19000244140625
2022-07-06,231.73333740234375,142.4853973388672,115.2135009765625,169.77000427246094
2022-07-07,244.5433349609375,145.90496826171875,119.30599975585938,172.19000244140625
2022-07-08,250.76333618164062,146.5928497314453,120.16850280761719,170.8800048828125
2022-07-11,234.3433380126953,144.429443359375,116.52249908447266,162.8800048828125
2022-07-12,233.07000732421875,145.41644287109375,114.84950256347656,163.27000427246094
2022-07-13,237.0399932861328,145.04757690429688,112.18699645996094,163.49000549316406
2022-07-14,238.31333923339844,148.0185089111328,111.44000244140625,158.0500030517578
2022-07-15,240.06666564941406,149.71334838867188,112.76699829101562,164.6999969482422
2022-07-18,240.54666137695312,146.62277221679688,109.91000366210938,167.22999572753906
2022-07-19,245.52999877929688,150.5408172607422,114.62000274658203,175.77999877929688
2022-07-20,247.5,152.57461547851562,114.69999694824219,183.08999633789062
2022-07-21,271.7066650390625,154.87759399414062,115.04000091552734,183.1699981689453
2022-07-22,272.24334716796875,153.6214141845703,108.36000061035156,169.27000427246094
2022-07-25,268.4333190917969,152.48489379882812,108.20999908447266,166.64999389648438
2022-07-26,258.8599853515625,151.13900756835938,105.44000244140625,159.14999389648438
2022-07-27,274.82000732421875,156.31320190429688,113.5999984741211,169.5800018310547
2022-07-28,280.8999938964844,156.87152099609375,114.58999633789062,160.72000122070312
2022-07-29,297.1499938964844,162.01580810546875,116.63999938964844,159.10000610351562
2022-08-01,297.27667236328125,161.01885986328125,115.4800033569336,159.92999267578125
2022-08-02,300.586669921875,159.52340698242188,115.9000015258789,160.19000244140625
2022-08-03,307.39666748046875,165.62481689453125,118.77999877929688,168.8000030517578
2022-08-04,308.6333312988281,165.3057861328125,118.87000274658203,170.57000732421875
2022-08-05,288.1700134277344,165.076171875,118.22000122070312,167.11000061035156
2022-08-08,290.42333984375,164.59695434570312,118.13999938964844,170.25
2022-08-09,283.3333435058594,164.64686584472656,117.5,168.52999877929688
2022-08-10,294.3566589355469,168.95973205566406,120.6500015258789,178.33999633789062
2022-08-11,286.6300048828125,168.21096801757812,119.81999969482422,177.49000549316406
2022-08-12,300.0299987792969,171.8149871826172,122.6500015258789,180.5
2022-08-15,309.32000732421875,172.90318298339844,122.87999725341797,180.88999938964844
2022-08-16,306.5633239746094,172.74343872070312,122.51000213623047,179.47000122070312
2022-08-17,303.9966735839844,174.26092529296875,120.31999969482422,174.85000610351562
2022-08-18,302.8699951171875,173.86158752441406,120.86000061035156,174.66000366210938
2022-08-19,296.6666564941406,171.23594665527344,118.12000274658203,167.9600067138672
2022-08-22,289.913330078125,167.29249572753906,115.06999969482422,163.0500030517578
2022-08-23,296.4533386230469,166.9530487060547,114.7699966430664,161.11000061035156
2022-08-24,297.0966796875,167.25254821777344,114.69999694824219,163.25999450683594
2022-08-25,296.07000732421875,169.7484130859375,117.69999694824219,168.77999877929688
2022-08-26,288.0899963378906,163.34901428222656,111.30000305175781,161.77999877929688
2022-08-29,284.82000732421875,161.1127471923828,110.33999633789062,159.1699981689453
2022-08-30,277.70001220703125,158.64683532714844,109.91000366210938,157.16000366210938
2022-08-31,275.6099853515625,156.95962524414062,109.1500015258789,162.92999267578125
2022-09-01,277.1600036621094,157.6984100341797,110.55000305175781,165.36000061035156
2022-09-02,270.2099914550781,155.5519561767578,108.68000030517578,160.32000732421875
2022-09-06,274.4200134277344,154.27407836914062,107.4800033569336,158.5399932861328
2022-09-07,283.70001220703125,155.70172119140625,110.4800033569336,160.38999938964844
2022-09-08,289.260009765625,154.20420837402344,109.41999816894531,162.05999755859375
2022-09-09,299.67999267578125,157.109375,111.77999877929688,169.14999389648438
2022-09-12,304.4200134277344,163.15933227539062,111.87000274658203,168.9600067138672
2022-09-13,292.1300048828125,153.58522033691406,105.30999755859375,153.1300048828125
2022-09-14,302.6099853515625,155.0527801513672,105.87000274658203,151.47000122070312
2022-09-15,303.75,152.11764526367188,103.9000015258789,149.5500030517578
2022-09-16,303.3500061035156,150.45042419433594,103.62999725341797,146.2899932861328
2022-09-19,309.07000732421875,154.22415161132812,103.8499984741211,148.02000427246094
2022-09-20,308.7300109863281,156.64015197753906,101.83000183105469,146.08999633789062
2022-09-21,300.79998779296875,153.46542358398438,100.01000213623047,142.1199951171875
2022-09-22,288.5899963378906,152.48704528808594,100.56999969482422,142.82000732421875
2022-09-23,275.3299865722656,150.1808624267578,99.16999816894531,140.41000366210938
2022-09-26,276.010009765625,150.5203094482422,98.80999755859375,136.3699951171875
2022-09-27,282.94000244140625,151.5086669921875,98.08999633789062,134.39999389648438
2022-09-28,287.80999755859375,149.5918426513672,100.73999786376953,141.61000061035156
2022-09-29,268.2099914550781,142.24403381347656,98.08999633789062,136.41000366210938
2022-09-30,265.25,137.9711151123047,96.1500015258789,135.67999267578125
2022-10-03,242.39999389648438,142.21408081054688,99.30000305175781,138.61000061035156
2022-10-04,249.44000244140625,145.85804748535156,102.41000366210938,140.27999877929688
2022-10-05,240.80999755859375,146.15753173828125,102.22000122070312,138.97999572753906
2022-10-06,238.1300048828125,145.18914794921875,102.23999786376953,139.07000732421875
2022-10-07,223.07000732421875,139.8579864501953,99.56999969482422,133.4499969482422
2022-10-10,222.9600067138672,140.18743896484375,98.70999908447266,133.7899932861328
2022-10-11,216.5,138.7498321533203,98.05000305175781,128.5399932861328
2022-10-12,217.24000549316406,138.1108856201172,98.30000305175781,127.5
2022-10-13,221.72000122070312,142.75320434570312,99.70999908447266,130.2899932861328
2022-10-14,204.99000549316406,138.1508331298828,97.18000030517578,126.76000213623047
2022-10-17,219.35000610351562,142.17416381835938,100.77999877929688,134.0399932861328
2022-10-18,220.19000244140625,143.51193237304688,101.38999938964844,132.8000030517578
2022-10-19,222.0399932861328,143.6217498779297,100.29000091552734,133.22999572753906
2022-10-20,207.27999877929688,143.15252685546875,100.52999877929688,131.52999877929688
2022-10-21,214.44000244140625,147.02610778808594,101.4800033569336,130.00999450683594
2022-10-24,211.25,149.20248413085938,102.97000122070312,129.72000122070312
2022-10-25,222.4199981689453,152.08770751953125,104.93000030517578,137.50999450683594
2022-10-26,224.63999938964844,149.1026611328125,94.81999969482422,129.82000732421875
2022-10-27,225.08999633789062,144.56019592285156,92.5999984741211,97.94000244140625
2022-10-28,228.52000427246094,155.48208618164062,96.58000183105469,99.19999694824219
2022-10-31,227.5399932861328,153.08604431152344,94.66000366210938,93.16000366210938
2022-11-01,227.82000732421875,150.40049743652344,90.5,95.19999694824219
2022-11-02,214.97999572753906,144.78981018066406,87.06999969482422,90.54000091552734
2022-11-03,215.30999755859375,138.65000915527344,83.48999786376953,88.91000366210938
2022-11-04,207.47000122070312,138.3800048828125,86.69999694824219,90.79000091552734
2022-11-07,197.0800018310547,138.9199981689453,88.6500015258789,96.72000122070312
2022-11-08,191.3000030517578,139.5,88.91000366210938,96.47000122070312
2022-11-09,177.58999633789062,134.8699951171875,87.4000015258789,101.47000122070312
2022-11-10,190.72000122070312,146.8699951171875,94.16999816894531,111.87000274658203
2022-11-11,195.97000122070312,149.6999969482422,96.7300033569336,113.0199966430664
2022-11-14,193.42799377441406,148.8300018310547,95.69000244140625,115.44000244140625
