"","TCGA-B6-A0RL-01A-11R-A084-07","TCGA-A2-A0T0-01A-22R-A084-07","TCGA-BH-A18U-01A-21R-A12D-07","TCGA-E2-A15M-11A-22R-A12D-07","TCGA-BH-A0DG-01A-21R-A12P-07","TCGA-E2-A1BC-11A-32R-A12P-07","TCGA-C8-A138-01A-11R-A115-07","TCGA-BH-A0DT-01A-21R-A12D-07","TCGA-A2-A0D4-01A-11R-A00Z-07","TCGA-BH-A0HW-01A-11R-A034-07","TCGA-A2-A0T7-01A-21R-A084-07","TCGA-AR-A1AV-01A-21R-A12P-07","TCGA-BH-A0H9-01A-11R-A056-07","TCGA-BH-A0BL-01A-11R-A115-07","TCGA-AO-A0J2-01A-11R-A034-07","TCGA-A2-A0CT-01A-31R-A056-07","TCGA-BH-A1EV-01A-11R-A137-07","TCGA-BH-A18P-01A-11R-A12D-07","TCGA-BH-A0DD-01A-31R-A12P-07","TCGA-A2-A04N-01A-11R-A115-07","TCGA-B6-A0RE-01A-11R-A056-07","TCGA-B6-A0WY-01A-11R-A109-07","TCGA-AR-A1AT-01A-11R-A12P-07","TCGA-C8-A12L-01A-11R-A115-07","TCGA-A8-A086-01A-11R-A00Z-07","TCGA-A2-A0YK-01A-22R-A109-07","TCGA-A2-A0CL-01A-11R-A115-07","TCGA-BH-A0H5-11A-62R-A115-07","TCGA-A2-A04R-01A-41R-A109-07","TCGA-BH-A0DV-11A-22R-A12P-07","TCGA-BH-A0HP-01A-12R-A084-07","TCGA-A2-A0SU-01A-11R-A084-07","TCGA-B6-A0WS-01A-11R-A115-07","TCGA-BH-A0B5-11A-23R-A12P-07","TCGA-C8-A12Q-01A-11R-A115-07","TCGA-A8-A083-01A-21R-A00Z-07","TCGA-BH-A0E0-11A-13R-A089-07","TCGA-AR-A0TS-01A-11R-A115-07","TCGA-A2-A0EM-01A-11R-A034-07","TCGA-BH-A18M-11A-33R-A12D-07"
"TRAF2","0.303666666666667","-0.78","0.0463333333333333","-1.79683333333333","-0.449","-1.23983333333333","0.329666666666667","-0.249","0.2575","-0.173666666666667","-0.423166666666667","-0.035","-0.191666666666667","-0.378","-0.4525","-0.684","-0.117333333333333","-0.059","-1.0885","-1.23216666666667","-0.182166666666667","-0.1265","0.367833333333333","-0.313833333333333","0.0351666666666667","-0.5455","-0.382833333333333","-0.8035","-0.807666666666667","-0.0335","-0.539833333333333","-0.317","0.256333333333333","-1.165","-0.738166666666667","0.161833333333333","-1.34466666666667","-0.036","-0.5185","-1.08416666666667"
"MGC10981","-4.153","-3.799","-4.41266666666667","-4.42283333333333","-3.97483333333333","-4.14716666666667","-3.7765","-3.67333333333333","-3.46366666666667","-4.17566666666667","-4.45933333333333","-1.98916666666667","-4.567","0.210666666666667","2.466","-4.257","-4.25716666666667","-3.80916666666667","-3.30733333333333","-3.42633333333333","1.59116666666667","-3.93316666666667","-3.2645","2.531","-3.689","-4.222","-3.69133333333333","-3.63583333333333","-3.65116666666667","-3.83033333333333","-4.197","-3.61233333333333","-4.52616666666667","-3.81333333333333","-3.59083333333333","-4.15866666666667","-4.5995","-3.796","-3.61633333333333","-4.95066666666667"
"NUPR1","-0.218","2.17233333333333","2.48133333333333","2.85083333333333","1.57016666666667","2.45133333333333","1.981","2.09216666666667","0.808666666666667","1.33433333333333","2.45466666666667","1.92083333333333","1.707","1.95566666666667","2.49033333333333","0.29","2.5035","2.0105","1.7885","2.42633333333333","0.995333333333333","2.92483333333333","1.9075","1.81666666666667","2.59033333333333","2.03266666666667","1.445","2.24833333333333","1.9555","1.96183333333333","2.21033333333333","2.185","2.6","2.7405","2.29466666666667","1.8065","2.24266666666667","1.4325","1.72733333333333","2.448"
"CCND3","-1.21764285714286","-0.911071428571429","-0.832857142857143","-0.0194285714285714","-1.40542857142857","-0.491428571428571","-0.248142857142857","-1.11921428571429","-0.618928571428571","-1.08485714285714","-0.794142857142857","-0.895642857142857","0.288857142857143","-0.949","-0.243142857142857","-1.181","-0.923642857142857","-0.7745","-1.66078571428571","-1.53057142857143","-0.614285714285714","-0.0992857142857143","-0.253928571428571","-1.71007142857143","-0.987642857142857","-0.133071428571429","-0.301571428571429","-0.388428571428571","-0.962285714285714","-0.474357142857143","-0.523857142857143","-0.456","-0.780071428571429","-0.501428571428571","-0.840571428571428","-0.386285714285714","-0.908714285714286","-0.287714285714286","-0.495214285714286","-0.272571428571429"
"S100A4","-2.5575","0.6755","-1.009","0.947","-0.0495","1.17075","-0.04625","-0.79325","-2.127","-2.245","-0.59225","0.09825","-1.70275","0.76175","-1.50825","-1.81525","-0.52625","-1.33475","-1.5","-0.41575","-1.27875","-1.0665","-0.93975","-0.585","0.6115","0.108","0.10825","-0.98225","-1.19825","-0.971","-1.08175","-0.92425","-0.33075","0.634","0.6455","-2.0565","-1.095","1.798","-0.61825","0.46325"
"UNQ473","2.12116666666667","3.025","3.68533333333333","1.023","1.87516666666667","-1.019","3.9065","3.58266666666667","0.314166666666667","-0.277666666666667","2.5505","3.10533333333333","3.5075","2.99066666666667","3.76583333333333","1.55216666666667","3.61566666666667","3.7835","2.859","2.72966666666667","3.355","1.63833333333333","3.207","2.431","1.23533333333333","3.04116666666667","0.982166666666667","2.193","0.674666666666667","2.39016666666667","2.17616666666667","3.48966666666667","-0.128166666666667","-0.448","3.4305","0.628166666666667","1.9195","-0.424333333333333","-0.472833333333333","1.45116666666667"
"MMS19","-1.201625","-0.69675","-0.836625","-1.504875","-0.355375","-0.517625","-0.719125","-0.26975","-0.898375","-0.65925","-0.35525","0.1435","-0.321875","-0.476125","-1.778625","-0.709625","-0.23725","-0.274875","-1.163875","-0.97525","-0.0165","-0.492875","0.137125","-0.81925","-0.180625","-0.60425","-0.734","-0.20925","0.0715","0.073375","-0.19875","-0.36275","-0.08475","-0.163875","-0.34875","-0.48125","-0.6645","-0.296625","-0.607625","-0.687375"
"APPBP2","-0.641","-0.912285714285714","-0.678857142857143","-0.644428571428571","1.82464285714286","-0.110142857142857","-1.4595","-0.277714285714286","-0.252214285714286","0.539428571428571","-0.0967857142857143","-0.828","-0.528","-1.07285714285714","-1.07657142857143","0.0477857142857143","-0.716357142857143","-0.933","-0.0391428571428572","-0.941928571428571","-0.805285714285714","-0.896071428571429","-0.344214285714286","-1.0785","-0.685714285714286","-0.990214285714286","-0.995214285714286","-0.207","0.127714285714286","-0.688071428571429","-0.726785714285714","0.181785714285714","-0.708785714285714","-0.158857142857143","-0.3075","-0.565285714285714","-0.00600000000000002","-1.22885714285714","-0.527285714285714","-0.431"
"COL17A1","-2.9763","-3.3731","-2.6288","4.1","1.2463","-3.2668","2.4666","2.7903","-1.0243","-2.6826","3.0985","-1.2804","0.493","0.9435","-3.0677","-0.1477","-2.3672","0.00190000000000001","-3.028","0.278","0.0434","3.6974","-2.1071","0.6409","0.3236","2.7746","0.3852","4.0607","0.2113","4.1744","2.6395","1.3111","0.7166","-2.2455","0.7714","-3.1867","3.7854","-1.8006","1.9583","3.7627"
"TXNDC5","-1.577125","-0.01025","-1.563","0.249125","-0.654875","-0.58975","-0.518375","-0.447125","-1.387625","-1.5335","-0.630875","1.09225","-0.827125","0.155125","-1.4415","-1.3285","-0.4695","-0.45825","-1.2255","-0.994","-0.489125","-1.244","-0.485625","-0.805375","-1.190375","-0.103375","-0.582","-1.29175","-0.94725","-0.787125","-0.786125","-1.0875","-0.607","-0.625375","0.189125","-1.63725","-1.01875","0.383625","-1.302625","-0.905375"
"LSDP5","1.279625","0.909625","1.856875","0.497375","0.57525","3.55625","1.439125","2.419","1.61725","-1.064375","1.153375","2.675375","1.7055","0.590875","1.191875","0.75475","1.550375","1.595625","2.571375","1.991375","-0.760875","0.70625","1.98275","-0.37725","1.412","1.022625","0.592625","0.787","1.45475","0.147375","0.2805","2.35375","0.588125","3.854","-0.26275","2.1735","1.16625","-0.03225","1.736875","1.084"
"ETV3","0.1445","0.0855","0.0915","0.047","-0.0795","-0.2385","-0.0305","-0.8575","0.1985","-0.4235","-0.3665","-0.726","-0.1095","0.0015","0.1665","0.0975","-1.151","-0.248","-0.0335","0.0165","0.575","-0.634","-0.0585","-0.163","0.2","-0.0215","0.6515","0.6015","0.1295","-0.2355","-0.0025","-0.143","-0.5045","-0.547","-0.602","0.227","-0.133","-0.3255","0.2055","0.2835"
"FGF19","-2.189","-2.28425","-3.21575","-0.8355","-3.24925","-2.88175","-1.12475","-2.90575","-2.252","-3.006","-1.572","-1.97225","-2.11875","-2.28125","-1.573","-2.25875","-2.41175","-1.80875","-0.43425","-1.84975","-2.20675","-1.4745","-1.285","-1.80175","-1.528","-2.3875","-2.801","-2.0625","-2.71325","-0.68125","-2.08675","-1.401","-2.2505","-2.57825","-2.61775","-2.7775","-2.203","-2.0305","-1.858","-0.995"
"ZNF205","0.763","0.934","-0.267166666666667","-1.24883333333333","0.945166666666667","1.00383333333333","1.76133333333333","0.355833333333333","1.13116666666667","0.309","-0.319833333333333","0.5625","1.00866666666667","0.177166666666667","0.874","0.303666666666667","0.58","1.071","-0.589666666666667","-1.0015","0.6665","1.336","1.52933333333333","-1.14516666666667","1.1035","0.312833333333333","-0.663166666666667","0.545333333333333","1.6675","1.70266666666667","0.5195","1.32583333333333","1.5115","1.278","0.365","1.0135","-0.188333333333333","0.82","0.9505","0.853666666666667"
"OR4K17","0.324833333333333","0.171166666666667","-0.292666666666667","0.044","0.520166666666667","0.092","-0.089","0.121","0.2255","0.286166666666667","0.108666666666667","0.556333333333333","0.699666666666667","0.0953333333333333","0.188333333333333","0.336833333333333","0.401166666666667","0.424166666666667","0.8135","0.2455","-0.0585","-0.142333333333333","0.246333333333333","0.227666666666667","0.4395","0.394166666666667","0.189833333333333","0.2875","0.106","0.389","0.1685","0.259833333333333","0.655166666666667","0.618666666666667","0.238333333333333","0.162","0.181","-0.0405","-0.122166666666667","-0.9552"
"SLC10A3","-0.601","0.2575","-0.4095","-0.1115","0.07375","0.21575","0.15825","-0.02275","-0.54975","-0.75975","0.3695","-0.2465","-0.15525","0.1985","1.07825","-0.3055","1.123","-0.2465","-0.718","-0.8435","0.74225","0.125","0.37","0.9465","-0.05425","0.33075","0.0035","-0.2465","-0.02475","-0.22975","0.686","0.38575","0.134","0.331","1.1325","-0.54525","-0.7385","1.73925","0.126","-0.04325"
"FLJ21075","-2.5575","0.072","-2.316","-1.317","-2.363","-1.7045","-0.905","-2.302","-1.224","-2.578","-1.166","-2.7365","-1.2635","-1.8605","-3.629","-1.5275","-2.603","-3.534","-1.472","-1.4","-2.235","-3.292","-1.1215","-1.0595","-1.2235","-1.1475","-1.95","0.132","-1.728","-1.01","-1.892","-0.786","-1.198","-1.532","-2.148","-1.571","-0.779","-1.9745","-1.507","0.1525"
"POLR3H","-0.558307692307692","1.06671428571429","0.915214285714286","-0.350142857142857","0.0999285714285714","0.906642857142857","-0.506571428571429","0.131071428571429","0.134357142857143","0.866642857142857","0.0246428571428572","-0.261642857142857","0.450285714285714","-0.106642857142857","0.5","0.324285714285714","0.170714285714286","0.342285714285714","-0.176928571428571","-0.588428571428572","0.668857142857143","0.418928571428571","0.721214285714286","0.173071428571429","0.804285714285714","0.291214285714286","0.731142857142857","-0.368785714285714","-0.134","0.531928571428571","0.223142857142857","-0.436142857142857","0.7855","0.947357142857143","0.166","-0.0671428571428571","0.0397142857142857","-0.405285714285714","0.204714285714286","0.2345"
"HSPD1","1.4802","-0.4808","-0.2394","-0.5981","-1.2526","-1.088","-1.1524","-0.957","-0.1854","-1.0243","-1.1125","-1.2577","-0.415","-0.5987","-0.6797","-0.2437","-1.3358","-1.2303","0.2686","-0.0712","-0.3872","-1.1588","-1.0139","0.619","-0.8893","-1.3138","-0.8367","-1.5195","-0.4785","-1.1417","-0.9716","-0.7724","-1.4215","-0.3954","-0.6627","-0.7741","-0.9355","-1.4379","-1.0124","-1.3848"
"TSTA3","0.309833333333333","1.11233333333333","0.5615","-0.352666666666667","1.284","-0.465","2.585","0.884333333333333","2.39533333333333","0.199","1.658","0.901333333333333","0.9385","1.11533333333333","0.743833333333333","0.553833333333333","2.05516666666667","0.7545","0.289333333333333","0.0755","1.58533333333333","1.13783333333333","2.26183333333333","1.31833333333333","1.4845","1.53716666666667","0.722833333333333","-0.610333333333333","1.28383333333333","0.196833333333333","1.403","0.0851666666666667","1.119","0.595166666666667","1.94433333333333","0.4205","0.242666666666667","1.3585","1.15833333333333","0.289"
"C20orf23","1.36541666666667","1.40425","1.97891666666667","1.56441666666667","2.84841666666667","1.03725","2.78366666666667","1.832","3.65875","1.43483333333333","1.40516666666667","0.0719166666666667","2.33166666666667","1.52891666666667","1.30625","4.2885","2.13991666666667","3.05833333333333","3.15216666666667","2.34341666666667","1.72583333333333","2.5275","1.38625","1.85133333333333","2.2405","1.77625","2.05275","2.11016666666667","3.28025","0.848166666666667","1.52391666666667","1.61391666666667","2.39325","-0.04475","2.70391666666667","3.45183333333333","3.07883333333333","0.158416666666667","2.94808333333333","0.926083333333333"
"TP53INP1","0.567875","0.519125","0.694125","0.806125","1.939375","0.134375","1.427","2.3605","1.900875","1.833625","2.563375","2.516125","1.439","0.552875","0.383125","2.166","1.722","2.461625","1.091125","2.504875","0.013625","1.031375","2.0795","0.36625","1.93475","1.53325","0.817125","0.590875","1.53175","-0.03875","2.032625","1.444875","1.61925","0.3085","1.44675","2.050125","1.690375","0.928875","1.091125","0.949375"
"LAMB3","-2.1757","-2.6244","-1.9117","1.9939","0.4521","0.897","0.5525","1.4609","-1.8535","-2.0434","1.4076","-1.9205","-0.4512","2.1366","-0.731","-2.1528","-0.2303","0.2065","-1.7248","-1.3579","0.1909","2.3973","-0.8531","1.6829","-0.3831","0.9677","-0.8839","2.5869","-0.2717","3.085","1.5072","0.265","-0.6473","-1.172","0.9269","-1.6847","2.4072","1.7051","0.7218","2.2254"
"OR1E2","0.348","0.5785","0.577","0.573","0.316","1.2155","0.87","0.726","0.6775","0.076","0.475","2.3795","0.013","0.421","0.7285","0.3725","0.3605","0.54","0.3715","0.3925","0.198","0.5665","0.632","0.194","0.722","0.952","0.2","0.304","0.671","0.417","0.7435","0.6255","0.3705","1.0005","0.543","0.8105","0.395","0.4625","0.324","0.4885"
"TDRD7","0.86275","-0.31425","0.5365","0.69925","0.494","0.0825","-0.16975","0.89075","1.2205","0.6855","0.01325","0.91475","0.481","0.096","1.6745","0.05375","-0.484","0.6725","1.5755","0.96225","-0.36725","1.1375","0.62875","0.074","0.3895","0.10475","0.9205","-0.162","0.04525","-0.35575","0.329","0.908","0.90675","0.46275","-0.3095","0.99675","0.2205","0.5555","0.09975","0.25375"
"MLN","-0.1638","-0.2693","-0.9174","-1.27711111111111","-1.0927","-0.552","-0.6512","-0.8235","-0.7495","-0.3383","-0.4403","-0.7308","-0.9324","-0.6637","-0.4348","-0.3985","-0.4156","-0.392","-0.6859","-0.5604","-0.4264","-0.452","0.0902","-0.6089","-0.2409","-0.593","-0.679","-0.4514","-0.3516","-0.9659","-0.159","-0.5909","-0.2587","-0.6277","-0.3996","-0.7766","-0.3276","-0.4774","-0.806333333333333","-0.0366666666666667"
"XPNPEP1","-1.39075","0.065875","0.0285","-0.243875","-0.27875","-0.07","0.310125","-0.53875","-0.616375","-0.756875","0.495875","0.305875","-0.23875","0.22375","-1.004125","-0.36725","0.790875","0.37975","-0.266875","-0.784125","0.230375","0.1175","0.04075","-0.62525","-0.263","0.20075","-0.05025","-0.093375","0.020875","0.7135","-0.27675","-0.22225","-0.1845","0.350375","-0.128875","-0.486","-0.55475","-0.00825","0.03425","0.348375"
"LRRC48","3.69933333333333","0.2205","3.3855","1.94616666666667","0.986","0.0951666666666667","4.78516666666667","3.9205","2.22033333333333","2.88466666666667","2.3715","2.1135","3.448","0.00833333333333333","0.901666666666667","2.01633333333333","4.38083333333333","0.990166666666667","1.1735","2.9765","-0.2125","2.604","1.9075","0.0136666666666667","1.55616666666667","1.9745","0.8565","2.24766666666667","0.888333333333333","2.72983333333333","2.78616666666667","3.71283333333333","2.10416666666667","0.0496666666666667","1.39283333333333","4.04283333333333","3.62966666666667","0.368666666666667","3.18133333333333","2.142"
"HSD3B2","0.314","0.2525","0.3815","0.0435","0.287","0.2025","0.289","-0.1095","-0.3815","0.3355","-0.033","0.32","0.4","0.1135","0.3685","0.093","-0.061","0.263","0.1025","0.354","-0.1565","-0.1195","0.4445","0.3405","0.057","0.287","-0.1725","0.384","-0.22","-0.39","0.225","-0.0755","-0.1525","0.088","0.2605","-0.337","-0.2345","0.1875","-0.482","-0.58"
"PCSK9","-4.2422","-3.25083333333333","-4.09266666666667","-3.55425","-3.47033333333333","-3.73383333333333","-2.78683333333333","-2.65116666666667","-3.1635","-2.75216666666667","-4.00566666666667","-4.88966666666667","-4.43483333333333","-2.451","-2.08233333333333","-3.4025","-3.3955","-3.6845","-3.85233333333333","-2.2885","-3.50966666666667","-3.017","-3.23533333333333","-2.07533333333333","-2.9394","-3.15233333333333","-3.50833333333333","-3.24666666666667","-3.54466666666667","-3.35466666666667","-3.85933333333333","-2.89166666666667","-3.39416666666667","-3.14283333333333","-1.592","-2.78433333333333","-3.967","-3.42416666666667","-2.67716666666667","-3.3945"
"DHDDS","-0.00192857142857142","-0.530857142857143","0.0655714285714286","-0.0576428571428572","-0.217571428571429","1.93107142857143","-0.453571428571429","-0.1515","-0.00707142857142857","-0.193285714285714","-0.0722142857142857","0.0640714285714286","-0.149928571428571","-0.0952857142857143","0.194357142857143","-0.411571428571429","-0.115428571428571","-0.175142857142857","-0.843714285714286","-0.408714285714286","0.0564285714285714","-0.159142857142857","-0.367571428571429","-0.399642857142857","-0.0668571428571429","0.3235","0.0763571428571429","-0.00235714285714285","-0.617642857142857","-0.0231428571428571","0.44","-0.228857142857143","0.320642857142857","1.56464285714286","0.534928571428571","0.146714285714286","0.110071428571429","0.092","-0.180642857142857","0.588071428571428"
"PKP2","2.008","0.6695","-0.3545","0.196","-1.245","-0.049","0.0105","-0.2535","-0.00699999999999999","-1.0895","0.3015","-1.9235","1.211","1.671","2.35","2.188","1.24","-0.571","0.362","1.6025","1.207","0.349","0.155","1.792","-0.3305","0.228","-0.117","0.948","1.749","0.731","0.3345","0.767","-1.233","1.7485","0.3695","1.2265","1.5175","-0.1705","1.2545","0.4045"
"USH1G","0.604","-0.0295","0.4015","-0.528","-0.0415","-0.54","0.6865","-0.028","-0.257","-0.015","0.225","0.039","0.14","0.018","0.2155","0.9495","-0.5125","0.2295","0.1785","-0.191","0.0115","0.0405","0.487","0.1975","0.4555","-0.5495","0.74","-0.101","-0.306","-0.3215","-0.289","0.0305","0.4055","-0.2035","0.044","0.099","-0.0335","0.273","-0.1645","0.2725"
"GMCL1","0.692166666666667","0.0661666666666667","0.76","-0.5515","-0.409","0.107833333333333","-0.470833333333333","0.336","-0.687","-0.0596666666666667","0.084","0.291333333333333","0.260666666666667","0.160166666666667","-0.388333333333333","0.467","0.411","0.164166666666667","0.405166666666667","-0.0466666666666667","0.0935","-0.775666666666667","-0.216166666666667","0.792666666666667","-0.451","-0.134833333333333","0.107333333333333","-0.5545","-0.778166666666667","-0.888666666666667","0.132833333333333","0.0358333333333333","-0.445333333333333","1.44216666666667","0.81","0.425333333333333","0.534833333333333","0.00316666666666665","0.348","-0.753666666666667"
"C17orf56","-0.139","0.27475","-0.75225","-1.84875","-0.12","-0.743","-0.82775","-0.39925","-0.74975","0.562","-0.52925","0.065","-0.7235","-0.7045","-0.19775","-1.061","-1.385","-0.70525","-1.19675","-1.41","-0.16975","-0.99375","-0.6865","0.09425","-1.25625","-0.72725","-0.5425","-0.42175","0.14075","-0.357","-1.50425","-0.75925","-0.5065","-0.99175","-0.807","-0.995","-1.1605","-0.28825","-0.78825","-1.0235"
"NUDCD2","-0.29875","0.22725","0.85525","0.3605","-0.1955","-0.051875","-1.235625","0.526875","-0.7465","0.1205","-0.52325","-0.541625","-0.43325","-0.15","0.671","0.1215","-0.318","-0.682375","0.090625","0.21","-0.766625","-0.4095","-0.58675","0.187125","0.058375","-1.150875","-0.294125","-0.646625","-0.373","-0.536375","-0.445875","-0.713875","-0.163625","0.299","0.186625","0.274375","-0.293375","-0.13125","-0.1535","-0.333875"
"SEC14L5","-0.772666666666667","0.11","0.212666666666667","0.318666666666667","-0.695166666666667","0.822","0.811166666666667","-1.016","-0.0941666666666667","-0.140666666666667","-0.399333333333333","0.512833333333333","-1.2625","-0.409","-0.703","-0.571333333333333","1.10716666666667","-0.782","-1.16316666666667","0.165833333333333","1.56166666666667","1.13333333333333","0.038","-0.377166666666667","0.108166666666667","0.264166666666667","-1.1685","-0.082","-1.15866666666667","-0.582833333333333","-0.416666666666667","-0.1176","-0.125333333333333","0.463833333333333","-0.653666666666667","-0.894333333333333","-0.0025","0.495833333333333","-0.0756666666666667","0.2375"
"LOC253970","0.2975","0.7235","0.6315","0.707333333333333","-0.4815","0.13175","0.12075","0.7495","0.4515","0.85175","0.12325","0.483","0.36","-0.18025","0.33675","0.2745","0.0632499999999999","0.3725","0.34825","0.47525","-0.02875","0.19775","-0.014","0.0005","0.3865","-0.047","0.1005","0.50575","0.2575","0.25","0.56575","0.45075","0.398","0.449","0.0765","-0.2975","-0.2395","0.76575","1.0205","0.6025"
"C22orf31","1.015","-0.0675","1.46","1.304","0.2545","-0.0455","0.7125","0.719","0.092","0.9285","0.1175","1.3535","-0.128","0.9465","0.979","-0.024","-0.2615","-0.3125","0.7645","0.7985","0.1305","-0.00199999999999999","-0.401","0.2605","-0.6155","0.576","0.4045","2.9835","0.165","0.4085","-0.216","0.3845","-0.039","1.4555","1.868","-0.0385","0.9035","0.46","0.207","1.3335"
"FKSG43","-0.16725","0.37375","0.385","0.21825","0.16525","0.37425","0.00125","0.04975","0.888","-0.03725","0.39775","0.10575","0.88875","-0.19325","-0.031","0.4185","0.4725","0.04575","0.5165","-0.48775","0.9095","0.0525","0.581","-0.000750000000000001","-0.0255","0.457","-0.3305","0.6225","0.06225","0.62025","0.47475","0.12175","0.08575","0.476","0.05375","0.77425","-0.2835","0.25525","-0.191","0.417"
"MGC157906","0.0945","0.2945","0.82","0.3015","0.583","0.653","0.884","-0.244","0.6365","0.5035","1.03","0.9535","0.4825","0.6095","0.3235","0.7735","0.754","1.1435","0.722","-0.107","0.3355","0.7405","1.192","0.4405","0.618","0.479","0.637","-0.293","0.366","-0.2405","0.8635","0.4485","0.5645","0.423","0.767","0.527","0.399","0.4215","0.0015","-0.4645"
"IL10","0.317333333333333","0.693","1.6325","0.7375","1.39933333333333","1.67033333333333","1.023","0.574833333333333","0.1765","0.651166666666667","1.40983333333333","2.61666666666667","0.441833333333333","1.3205","0.799","0.921166666666667","1.31733333333333","0.543166666666667","1.75583333333333","0.8315","0.3395","0.828833333333333","0.7625","0.683","0.364166666666667","2.20766666666667","2.3915","0.635833333333333","0.417166666666667","-0.2995","1.01016666666667","0.654166666666667","1.22183333333333","1.91683333333333","1.58616666666667","0.785833333333333","0.4075","1.45166666666667","0.268666666666667","1.13383333333333"
"VDAC3","1.984875","-0.049","-0.597375","-0.307375","-0.447375","-0.27775","-0.471875","-0.5415","1.048125","1.03225","-0.515375","-0.977125","-0.34575","-0.595625","0.481375","0.8075","0.265","-0.571875","-0.165125","0.015875","0.78175","-1.109125","0.639125","-0.07125","1.401375","-0.694","-0.819375","-0.61025","-0.067","-0.53725","-0.18275","-0.45825","3.177","-0.531","-0.48425","-0.3985","-0.43175","-0.12925","-0.73175","0.033625"
"IGSF9","0.31425","1.9085","1.19275","0.058","2.957","-2.57325","2.171","2.059","2.435","1.15075","2.3245","1.8495","3.075","2.2385","2.174","1.85575","2.85825","2.733","2.145","1.28275","2.71425","2.531","2.88075","2.4845","0.944","2.2335","1.638","1.1995","2.8965","1.068","2.69275","1.3645","1.9665","-1.607","2.38025","2.12275","1.81825","2.16275","2.8065","0.5185"
"FAM116A","0.46425","-0.05575","0.8045","0.97925","-0.57025","-0.30275","0.3045","0.6155","-0.43775","0.135","0.67125","0.09725","0.3345","-0.2005","0.1495","-0.75375","-0.17575","-0.217","0.45175","0.44225","0.586","0.106","-0.30975","0.1195","-0.039","0.407","-0.4755","0.65575","0.60475","0.45875","0.162","0.12725","-0.74325","0.02675","-0.72125","0.251","0.235","1.24125","0.17825","0.508"
"FAM133A","-3.773375","-2.916","-0.497125","-1.280625","-1.977125","-2.146","-1.2255","-2.269","-2.379625","-4.080375","-1.928375","-3.429375","-3.088625","-2.603875","-3.00842857142857","-1.76","-1.51225","-2.17925","-2.29775","0.041375","-2.5645","-1.68225","-2.421125","-3.53957142857143","-1.867625","-2.15025","-2.962625","-1.7515","-2.5305","-2.26525","-1.92825","-1.7095","-1.863625","-3.13857142857143","-2.518","-4.475125","-2.184375","-3.484625","-2.02275","-2.286625"
"DIS3L2","-0.426","0.796","-0.0551666666666667","-0.463","0.0609166666666667","0.189416666666667","0.4795","0.05925","0.789583333333333","0.581333333333333","0.304666666666667","0.0355833333333333","-0.2","-0.102083333333333","0.219","0.311333333333333","-0.0278333333333333","-0.354333333333333","-0.334166666666667","-0.4505","0.406166666666667","0.0721666666666667","0.135416666666667","-0.543833333333333","-0.311333333333333","-0.246583333333333","0.0570833333333333","-0.185666666666667","0.693083333333333","0.41825","-0.0498333333333334","-0.0803333333333333","-0.171583333333333","0.210833333333333","0.214166666666667","0.562833333333333","0.0610833333333334","-0.483583333333333","0.0478333333333333","-0.245"
"GPR6","0.1095","0.3895","0.1485","0.322","0.448","0.768","0.307","0.891","1.1405","-0.114","0.0535","0.0655","0.848","0.042","0.2165","0.7125","0.761","0.5985","0.997","-0.0705","0.156","0.518","0.387","0.004","0.333","0.902","0.22","-0.56","0.3855","0.2515","0.493","0.2835","0.395","0.2535","0.1965","1.3355","0.1215","0.4655","0.223","-0.066"
"MEFV","0.63","0.7865","0.892","0.4365","0.72","0.7985","0.7095","0.8205","0.562","0.3175","0.852","1.826","0.478","0.489","1.103","0.5995","0.551","0.9105","0.461","0.8375","0.5905","0.5965","0.432","0.6595","0.723","0.9805","1.3255","0.7555","0.5925","0.261","0.945","0.6875","0.754","0.296","0.6695","0.6825","0.228","0.7025","0.887","0.0325"
"AREG","-3.80866666666667","-2.07466666666667","-0.769","3.21483333333333","0.100166666666667","-2.18133333333333","-5.35483333333333","3.0375","4.5965","-5.11816666666667","-1.92733333333333","-0.840666666666667","-2.02616666666667","-2.786","0.329333333333333","-5.27316666666667","-4.47066666666667","-4.57366666666667","-0.255666666666667","0.707","-0.8385","1.38566666666667","-2.39783333333333","0.8105","-4.38516666666667","-2.53133333333333","-0.254833333333333","1.71283333333333","-1.45733333333333","0.17","-2.38216666666667","2.567","-0.544666666666667","-2.66233333333333","0.6455","-3.89166666666667","2.94216666666667","-5.44333333333333","-1.9865","0.3825"
"TP53AP1","0.66025","0.686125","0.16825","0.689375","1.867625","0.380625","1.562","1.964625","0.959","1.664875","0.073625","1.19575","0.77575","0.847625","2.244875","1.94275","-0.056625","1.06975","2.064625","1.89225","-0.953375","1.031625","0.62425","0.369625","1.0635","0.04025","0.15275","0.586125","1.743375","0.032875","1.199375","0.507375","1.278625","0.61625","3.001125","0.00925","1.646625","0.234875","1.277375","0.446625"
"CXorf15","0.050875","1.076125","0.53125","-1.125375","0.60025","0.177125","-0.332125","-0.592125","0.64","-0.45025","0.15475","-1.074375","-0.13975","0.35175","-0.18325","0.3455","-1.30425","-0.58775","-0.48925","-0.2155","0.449125","-0.63275","-0.534375","0.759625","-0.3865","-0.965625","0.5685","-0.72425","0.426625","-0.496","-0.805125","-0.523625","-0.988625","0.62075","-0.51575","0.01125","0.042125","-1.370125","-0.53975","-0.776375"
"SRRM2","0.569714285714286","-0.219428571428571","-0.529071428571429","-0.558428571428571","-0.223571428571429","-0.0114285714285714","0.275214285714286","0.0633571428571429","0.310714285714286","0.313928571428571","-0.670142857142857","0.349714285714286","0.933928571428571","-0.269714285714286","-0.0266428571428571","-0.608142857142857","-0.196571428571429","-0.0685","-0.727428571428571","-0.674071428571429","-0.322571428571429","0.0326428571428571","0.0655714285714286","-0.873857142857143","0.0762857142857143","-0.300428571428571","-0.553071428571429","-0.643285714285714","0.252571428571429","0.0651428571428572","-0.576214285714286","0.0181428571428571","0.105357142857143","0.230785714285714","-0.345","0.473357142857143","-1.02042857142857","0.234142857142857","0.123928571428571","-0.577142857142857"
"GLUL","1.6435","1.6553","1.5128","3.1895","1.8776","3.2845","0.8725","3.0252","2.637","1.7231","1.4745","1.4678","1.7795","1.0969","2.0155","0.4349","1.8605","0.8614","1.4569","2.0429","0.7377","0.8705","1.9979","0.6476","1.4972","1.4192","0.6735","0.765","2.0288","-0.0978","1.6145","1.685","2.0393","4.8427","2.3472","1.7327","1.0214","0.4641","2.0422","1.794"
"CPN1","-3.17925","-2.89575","-3.15325","-2.4015","-3.149","-2.85375","-2.26125","-3.003","-2.785","-2.793","-3.41975","-3.34","-3.3345","-2.59075","-2.36825","-3.29","-3.26875","-3.01125","-3.2525","-2.451","-3.43775","-2.719","-2.274","-3.11425","-2.51125","-3.59","-2.6615","-2.24725","-2.788","-3.05775","-3.00575","-2.63675","-3.32825","-2.68325","-3.24425","-3.23725","-3.15075","-3.01725","-2.9845","-3.62325"
"COPS8","-0.77125","-0.227","0.246","-0.401","-0.5415","-0.0785","-1.103","0.04075","-0.182","-0.00949999999999999","-0.27725","-0.17725","-0.24975","-0.4355","-0.7085","0.095","-0.417","-0.27225","0.11075","-0.21825","-0.8685","-0.4265","-0.1465","-0.5195","-0.1425","-0.39675","0.04525","-0.78575","-0.1825","-0.34","-0.29975","-0.36325","-0.106","0.09925","0.28825","-0.13875","-0.35625","0.041","-0.09475","0.37375"
"SCGB1C1","-0.293","-0.4795","-0.223","-0.014","0.8405","0.295","0.556","-0.7635","-1.216","-0.676","0.5445","-0.4445","0.124","-0.3415","1.348","0.0345","1.4265","0.183","0.825","0.585","-0.1165","0.108","0.1665","-0.6035","-0.1015","0.259","-0.556","0.076","0.0695","0.2735","-0.092","0.651","-0.095","1.1605","0.665","0.3775","0.162","0.479","0.375","1.1105"
"PET112L","-0.07975","0.386","-0.23775","0.25825","-0.681","1.35075","-0.228","-0.2025","0.178","0.37725","0.28275","0.47475","0.64925","0.1105","-0.24975","1.55575","0.24125","-0.492","-0.2105","0.2215","-1.12875","0.09925","0.353","-1.08375","0.38825","0.2235","-0.21625","-0.0435","0.04125","0.125","0.37","0.5365","-0.24875","1.16475","0.02925","0.18","0.62775","0.32325","-1.0225","0.54"
"SERPINA12","-0.033","0.15","-0.16","-1.193","-0.042","0.171","0.27","0.7165","-0.56","-0.398","0.271","1.6485","0.428","0.3335","-0.336","0.3795","0.325","-0.0365","-0.1195","0.2075","0.951","0.5595","-0.1815","0.455","0.281","0.5465","-0.244","1.457","0.131","1.0435","0.4365","0.171","-0.225","-0.0620000000000001","0.4085","0.1945","-0.081","-0.2655","-0.9875","0.0595"
"HIST1H2AL","0.292","-0.171625","0.851125","-0.894","1.309875","-1.342625","1.15325","-0.485875","0.935875","1.584125","-0.503","0.11825","-0.18625","-0.199625","1.548875","1.104625","-0.71775","-0.34175","0.487125","0.0255","0.253125","0.91675","-0.74775","-0.416875","0.0620000000000001","-0.53875","0.0835","-1.14725","1.736875","-1.14825","-0.900625","0.486625","0.845375","-0.740125","-0.33775","-1.003","-0.109625","1.212625","-0.593375","-1.419625"
"C9orf38","0.083","0.2065","0.1955","-0.054","-0.2635","0.086","0.351","-0.16","0.027","-1.1565","0.135","-0.0865","-0.1155","-0.495","0.16","0.1365","-0.1895","-0.035","-0.221","-0.0345","0.129","-0.445","0.352","0.1465","0.1065","-0.2065","-0.367","1.879","5e-04","-0.326","-0.101","0.0675","-0.158","0.4935","0.3785","-0.231","-0.355","0.03","0.2135","0.5695"
"BFSP2","-2.336","-1.467","2.27825","-0.414","-0.17125","-1.97825","-0.282","0.212","-0.46175","-0.36925","-1.5215","1.569","-0.2585","-0.35575","-1.368","-1.294","1.21925","-2.15675","-0.5405","0.63775","-1.53075","0.55","-0.32075","1.28425","0.90025","0.3755","0.526","-1.19675","0.379","-1.875","-1.00225","-1.3435","-0.63725","-2.7345","-1.42175","-2.86125","-0.87925","0.749","-1.47825","-1.2665"
"C1QTNF4","0.2025","0.2895","0.30575","0.1245","1.2885","2.61525","0.58225","1.52275","1.6765","-0.00750000000000001","1.322","1.155","0.21175","-0.277","2.46775","1.1355","0.50225","0.43825","0.16875","0.73725","-0.0155","2.73175","0.3675","-0.93725","1.199","1.999","1.35825","1.8365","1.058","2.61575","1.5935","1.18025","1.299","1.323","0.51475","-0.63125","1.3415","0.68025","1.177","1.815"
"OR56B4","0.172","0.183","0.11","-0.128","-0.777","-1.266","-0.2815","0.834","0.4175","-0.143","-0.0215","-1.166","0.3175","0.2175","-0.46","-0.094","-0.907","-0.817","0.2455","-0.375","-0.481","0.199","0.324","0.2865","0.013","0.1815","-0.2625","-0.064","0.1005","0.061","-0.2545","0.41","0.051","-0.275","-0.1515","0.585","-0.175","-0.139","-1.3895","-0.8495"
"C6orf118","-0.246166666666667","-0.928333333333333","-0.4468","0.628","-0.215","-1.028","5.33116666666667","1.65966666666667","0.2206","0.674","1.06883333333333","0.213666666666667","0.1235","-0.2635","-0.284833333333333","-0.239833333333333","0.266166666666667","0.771333333333333","-0.7846","2.18683333333333","0.301166666666667","0.0696666666666667","-0.249833333333333","-0.676333333333333","0.3986","-0.435166666666667","-0.813166666666667","-0.036","-0.352666666666667","-0.388833333333333","-0.00900000000000001","0.716666666666667","0.2765","-0.850833333333333","-0.577833333333333","2.87533333333333","-0.331666666666667","-0.682","-1.42516666666667","0.182"
"SLC1A1","-2.479875","-1.116125","-1.163125","0.2545","3.596625","0.121125","1.741625","5.02125","4.28","-1.63725","1.314","-1.1765","1.05575","1.281625","3.702","-1.855","3.006625","2.04775","3.0365","-0.062125","0.603125","0.98875","1.571125","2.93125","-0.702875","0.0735","-1.052125","0.082875","-0.902","-0.254125","1.4775","0.788625","3.45075","0.5555","1.988125","4.546","0.06425","-0.82425","5.67675","0.697875"
"USP43","0.751","2.287","-0.163666666666667","-1.28416666666667","1.4395","-2.88833333333333","1.93816666666667","1.365","0.483666666666667","-0.076","1.26016666666667","0.759333333333333","1.64283333333333","1.621","1.235","0.699833333333333","-0.227833333333333","2.30716666666667","-0.536","1.69583333333333","2.04583333333333","1.00283333333333","-0.420333333333333","1.76983333333333","0.219666666666667","0.559666666666667","0.812166666666667","0.617333333333333","1.1325","1.136","0.8875","0.353333333333333","-0.01","-2.46583333333333","0.798333333333333","1.0285","1.51016666666667","1.3355","1.73166666666667","-0.101833333333333"
"RAB3GAP1","-0.6395","0.1705","0.601","0.21075","1.0595","0.6525","0.5095","0.244","1.19975","-0.25725","0.4205","0.50675","0.6855","0.76875","0.40625","-0.0765","0.4625","1.06725","0.51025","0.38275","0.48475","0.72","0.8935","0.1675","0.23825","0.7585","0.974","0.1785","0.56275","0.80275","0.6775","0.051","0.0935","0.39125","0.752","0.53","0.5335","-0.22475","0.6215","0.53125"
"TRIM25","0.1445","0.383333333333333","-0.00716666666666669","-0.225666666666667","0.701","-0.474833333333333","0.0883333333333333","-0.702","-0.122666666666667","-0.402833333333333","0.150166666666667","0.291166666666667","0.224333333333333","-0.211666666666667","0.218333333333333","0.403833333333333","-0.7185","-0.119166666666667","-0.0356666666666667","-0.836833333333333","0.3895","-0.176833333333333","0.187","0.305833333333333","-0.0646666666666667","-0.397333333333333","0.618166666666667","-0.915","-0.6395","-1.07433333333333","-0.399","-0.218333333333333","-0.247666666666667","-0.589333333333333","-0.298833333333333","0.599166666666667","-0.603","-0.664666666666667","-0.155","-0.578166666666667"
"HDAC6","-0.44675","-0.652","-0.622875","-1.618625","-0.431125","-0.204","-0.771875","-0.691","-0.355625","-0.169125","-0.761625","-0.7615","-1.051375","-0.4705","0.08275","-0.890875","-0.9735","-0.84875","-0.678375","-0.81475","-0.00912499999999999","-0.84425","-0.85","-0.809625","-0.25525","-0.80675","-0.317375","-0.5995","-0.320125","-0.358375","-0.982375","-0.600875","-0.214375","-0.263625","-0.0322500000000001","-0.747","-0.754875","-0.541125","-0.656875","-0.596625"
"HMGA1","-1.6894","-0.656","-1.8455","-2.16733333333333","-0.91","-2.383","-1.54466666666667","-1.893","-1.50866666666667","-2.12383333333333","-1.567","-1.4565","-1.8775","-0.900833333333333","-1.43883333333333","-2.29416666666667","-1.23166666666667","-1.721","-2.22616666666667","-2.2045","-0.122666666666667","-1.374","-0.816","-1.736","-1.8645","-1.977","-1.60266666666667","-0.980333333333333","-1.63066666666667","-1.82966666666667","-1.80383333333333","-1.71283333333333","-1.5625","-1.9165","-1.348","-1.9715","-2.5225","-0.902833333333333","-1.68883333333333","-2.96316666666667"
"ZBED3","0.8785","-0.236","-0.73525","-0.519","-0.0575","1.25375","-0.7175","-0.1135","-1.70275","0.48625","0.1815","0.4935","-1.046","-0.01325","-1.29075","-1.76525","-0.33925","0.32825","-0.7055","-0.1955","0.8825","-0.17775","0.0895","-1.13875","-0.05175","0.2545","-0.87475","0.05425","-0.656","0.35","0.4845","-0.06275","-0.0245","1.84475","-1.43275","-0.71375","-0.345","-0.54275","0.1015","0.332"
"GPR137","-0.442333333333333","-0.567333333333333","0.289833333333333","-1.1065","0.510333333333333","0.277833333333333","0.0445","-0.296833333333333","-0.00216666666666667","0.211333333333333","0.237666666666667","0.0565","0.876333333333333","-0.344333333333333","0.043","0.834166666666667","0.591666666666667","-0.0198333333333333","-0.866666666666667","-1.00016666666667","-0.0875","-0.0341666666666667","0.4525","-0.5875","-0.297833333333333","-0.135166666666667","0.186","-0.549666666666667","0.533833333333333","-0.250666666666667","0.0396666666666667","-0.0758333333333333","1.1505","-0.0335","0.0863333333333333","0.468333333333333","-0.4955","-0.155333333333333","0.175666666666667","-0.544666666666667"
"ZFHX2","1.5265","0.45","-0.23975","0.1605","1.045","0.635","1.96525","1.71675","0.5865","0.64075","0.58125","1.707","1.58925","1.57025","0.10525","1.451","1.9345","1.47225","1.13375","1.82475","0.71825","0.834","1.17175","0.9565","0.5205","0.4755","0.6765","0.42925","1.19125","-0.23425","1.67525","1.098","0.29775","-0.424","-0.154","0.8395","0.76025","0.2465","1.269","0.4005"
"LOC158830","-2.54066666666667","-1.94","-2.48016666666667","-2.0965","-1.33833333333333","-2.87333333333333","-0.966833333333333","-0.8565","-2.49833333333333","-3.1125","-2.26683333333333","1.01133333333333","-2.5315","-0.656833333333333","-1.45916666666667","-2.79466666666667","-2.09933333333333","-2.26883333333333","-1.91683333333333","-1.783","-3.08416666666667","-2.15216666666667","-1.27733333333333","-2.50183333333333","-2.915","0.318166666666667","0.758","-2.428","-3.48283333333333","-1.99166666666667","-2.56366666666667","-2.3235","-0.888833333333333","-2.73666666666667","-2.42633333333333","-3.33783333333333","-3.34366666666667","0.460333333333333","-3.44","-2.47333333333333"
"MAGEA12","-4.49475","-3.589","-0.341","-3.71525","-4.0265","-4.026","-2.992","-3.709","-4.064","-4.0895","-4.3355","-4.21975","-4.36675","-3.2305","-3.81875","-4.73175","-4.1845","-3.9685","-3.02125","-3.47275","-4.71675","-4.3195","-3.77525","-4.24725","-3.96475","-4.5655","-2.49025","-3.03775","-4.09275","-4.633","-4.124","-3.73775","-4.17025","-3.90125","-1.6375","-4.3825","-4.73425","-4.07525","-4.32075","-4.861"
"MTA2","-0.3065","-0.003","1.006","1.76525","0.04975","0.2405","0.199","0.3035","0.0945","0.90875","0.13275","0.037","0.41675","-0.011","1.56125","0.22275","0.0705","-0.99675","-0.87525","0.0175","0.8015","0.27225","0.568","-1.33575","-0.09725","0.3835","0.77425","-0.51425","-0.012","-0.7155","0.45475","0.7305","-0.46975","-0.09625","0.15725","-0.33025","0.31825","0.202","0.34125","-0.23925"
"MGC16824","0.648625","-0.546625","-0.753125","-0.6835","-0.64725","-0.64075","0.07275","-0.23125","-0.00287500000000002","0.197875","-0.4845","-0.64525","-0.17425","0.161125","-0.807375","-0.395125","-0.482","-0.12925","-0.299375","0.48325","-0.2695","-0.339625","-0.789","-0.181625","0.34225","-0.15575","-0.341375","-0.556375","-0.122875","-0.2645","-0.502","-0.145","0.05975","-0.646","-0.593875","0.425125","-0.4225","0.180625","0.17025","-0.316375"
"CAP1","-0.292833333333333","0.4765","0.252166666666667","0.158333333333333","0.4","0.292166666666667","0.370833333333333","0.117833333333333","-0.0856666666666667","-1.15383333333333","2.0025","0.695166666666667","0.7355","0.627666666666667","0.8635","-0.0576666666666667","1.85766666666667","0.8175","0.442666666666667","-0.046","0.594666666666667","0.4155","1.38833333333333","-0.0785","0.420333333333333","1.06666666666667","1.03033333333333","-0.140666666666667","-0.306833333333333","-0.3815","0.3805","0.1655","0.622833333333333","-0.3035","1.49116666666667","0.0738333333333333","-0.178","0.862333333333333","0.373333333333333","0.102833333333333"
"TMEM128","0.5875","0.0795","0.303666666666667","0.527","0.582666666666667","0.456","-0.551333333333333","0.785666666666667","1.39183333333333","1.04133333333333","0.732666666666667","0.700833333333333","0.0441666666666667","0.354","0.25","2.28766666666667","0.025","0.863","1.3755","1.116","-0.721","0.586","0.437166666666667","0.825333333333333","0.421833333333333","0.696333333333333","-0.523666666666667","1.08483333333333","1.22216666666667","1.213","0.769333333333333","0.805333333333333","0.856833333333333","0.987","-0.146166666666667","0.308333333333333","1.22416666666667","0.144333333333333","0.955166666666667","1.08383333333333"
"MPP7","0.72325","0.929625","0.317","1.153375","1.377375","1.095375","-0.385625","2.278625","3.210375","1.555125","1.885","0.608625","0.82","2.25125","1.98875","2.595","-0.228875","0.80475","1.543125","2.8575","2.005","1.304875","0.549125","1.8225","1.38875","1.34375","1.436875","2.115125","2.519625","0.883375","2.01825","2.0345","1.59575","0.799625","2.055","2.92325","2.6485","1.155375","2.701","1.518625"
"C14orf145","-1.07575","-1.105375","-1.189625","-0.4885","-1.48975","-1.98","0.649375","-1.276875","-1.1965","-1.131","-1.4055","0.042","-1.317125","-0.65875","-0.180875","-1.168","-1.163125","-0.947875","-0.519375","-1.309375","-1.171125","-1.42025","-1.093375","-0.479","-1.16625","-1.245","-0.592375","-1.280875","-0.69575","-1.548125","-1.417875","-1.515625","-1.619375","-2.238","-0.79125","-1.375875","-0.480125","-1.206875","-1.457625","-1.449125"
"CUTL2","-1.404375","-1.77025","-3.02914285714286","-0.608285714285714","2.018","-1.678125","-2.097625","-1.209125","-1.714125","-2.78325","-0.5175","1.189625","-2.30725","-0.2435","3.998","-2.325125","-2.25857142857143","-1.634125","3.798875","1.230625","-3.008375","0.703125","-0.960875","-0.58425","-1.56275","-0.162875","0.40625","1.455875","-2.43925","-0.34075","-1.115125","-1.452375","-0.39525","-1.346875","3.547375","-2.056125","-0.693875","0.380125","-1.278375","0.912375"
"FPGS","0.2295","0.309833333333333","-0.114666666666667","-0.411166666666667","0.149333333333333","0.832666666666667","0.328666666666667","-0.0703333333333333","0.178166666666667","-0.393333333333333","-0.0911666666666667","-0.0886666666666667","0.3415","0.0528333333333333","1.0945","-0.705166666666667","0.0455","0.240333333333333","-0.764666666666667","-0.738166666666667","0.384166666666667","0.022","0.344","-0.404666666666667","0.2185","-0.0203333333333333","-0.361833333333333","-0.534833333333333","0.9555","0.0128333333333333","-0.0791666666666667","0.174833333333333","0.5175","1.56183333333333","0.129666666666667","0.145","-0.695","0.306166666666667","0.355","-0.154333333333333"
"LAD1","-1.73233333333333","3.20433333333333","-0.593166666666667","-0.072","1.815","-2.47766666666667","1.656","0.6435","1.51333333333333","-0.0663333333333333","1.32566666666667","0.26","0.3065","1.03983333333333","2.55433333333333","0.1025","1.7275","2.18416666666667","0.762833333333333","-0.633333333333333","3.4075","1.5925","2.75666666666667","2.7235","-0.069","1.381","1.01833333333333","1.08283333333333","0.691333333333333","1.2735","1.76083333333333","-0.493333333333333","0.549333333333333","-1.9595","1.39083333333333","-1.7425","1.37816666666667","1.49033333333333","0.679833333333333","0.0823333333333333"
"TMEM87B","1.3924","0.8173","1.4571","0.5737","2.1574","-0.8742","1.3409","1.0205","1.8554","0.5315","1.4211","0.8798","1.482","1.0217","1.6728","2.2266","1.7507","0.9819","1.4043","1.886","0.5313","1.0203","1.6662","2.0858","1.3077","0.8436","2.022","0.2718","0.9704","-0.3866","1.7191","0.3126","1.2031","-0.3623","1.6638","2.2055","1.5193","0.1878","1.5927","0.1511"
"ECHDC1","-0.3475","0.5515","-2.08933333333333","0.4995","-0.133166666666667","2.58283333333333","-0.701333333333333","-0.7295","-0.194666666666667","-0.688666666666667","-0.937333333333333","-0.7015","-1.27166666666667","0.308333333333333","-0.995833333333333","-0.946666666666667","-0.81","0.219833333333333","-2.32716666666667","-0.659166666666667","-1.24733333333333","-0.240833333333333","-0.329333333333333","0.305","-0.634","-0.6655","-0.937666666666667","0.328333333333333","-1.1525","0.202333333333333","-1.637","-1.3045","-0.265833333333333","2.15833333333333","-1.57333333333333","0.0551666666666667","0.195666666666667","-1.21716666666667","-0.248833333333333","1.339"
"CYP27C1","-0.489","0.004","0.2575","0.16","-0.0235","-0.2365","0.5855","-0.4455","-0.546","-0.7395","0.2255","-0.827","0.2165","0.1855","-0.0705","-0.18","-0.412","0.3365","-0.1535","-0.1155","0.979","-0.537","0.425","1.4035","0.258","-0.548","-0.885","0.7445","-0.233","-0.1065","0.1485","0.1645","0.3395","-0.2135","0.7395","-0.5315","-0.6055","0.3265","0.1195","0.2115"
"STOML3","-0.0192","0.503","0.4895","0.46375","0.463333333333333","0.383666666666667","2.28866666666667","0.4432","0.266666666666667","0.64275","0.166666666666667","0.171166666666667","-0.13375","-0.069","0.5335","0.073","-0.161666666666667","-0.2455","-0.424666666666667","0.8675","0.052","0.251166666666667","0.399833333333333","0.5865","0.405833333333333","-0.290666666666667","-0.117","0.796166666666667","0.3175","0.523666666666667","0.3275","0.0215","-0.236666666666667","0.0593333333333333","-0.107166666666667","0.939333333333333","0.609333333333333","0.0156666666666666","0.722666666666667","0.325833333333333"
"C9orf89","1.7285","1.02025","0.76425","0.48175","1.01625","-0.18825","0.2275","1.26275","2.123","1.45","0.3365","0.518","1.56425","0.563","1.17425","1.4195","0.57675","0.38475","1.25775","0.94925","1.24525","0.97725","1.048","-0.47075","1.60375","-0.02075","0.457","0.0275","1.3395","0.36875","0.49075","1.031","1.33125","-0.154","0.84225","0.64075","0.52125","0.55875","1.3475","0.47625"
"MGMT","0.50175","0.786","1.70725","1.82925","0.92825","1.6645","1.978","1.51175","1.115","1.70975","0.926","0.80075","0.68","0.84775","-0.41725","0.887","1.54775","0.0785","0.243","0.74225","0.60125","1.787","1.18475","-0.57925","1.26125","1.0525","1.1195","0.21775","1.77725","1.65425","0.9785","0.527","1.431","1.653","1.31975","1.27325","1.09225","0.66875","0.60925","1.24725"
"FFAR1","0.22425","0.44525","-0.47425","0.284","-0.0935","0.39325","-0.21225","-0.2145","-0.37625","-0.00625","-0.0755","0.6765","0.02875","0.05625","-0.0595","0.2855","0.1935","-0.12775","0.376","-0.3455","-0.01325","0.00375000000000001","0.18575","0.25425","-0.02275","0.1245","0.096","-0.086","-0.11325","0.18275","0.03975","-0.08875","-0.17125","0.579","0.37375","0.0376666666666667","-0.10375","0.32125","0.189","0.5195"
"HISPPD1","-0.13975","-0.9535","-0.29075","-0.00425000000000001","-0.34325","-1.10025","-0.80175","-0.34825","-0.25675","0.14325","-0.12375","0.36725","-0.2925","-0.44925","-0.15325","-0.31975","-0.655","-0.05075","0.39425","0.13525","-0.0185","-0.4935","-0.246","-0.108","-0.576","-0.52075","-0.31775","0.54725","-0.5385","-0.589","-0.41275","-0.81925","0.05675","-1.26925","-0.648","0.07075","-0.2395","-0.56775","-0.318","-0.253"
"C1orf102","2.9005","2.001","1.875","2.7335","2.656","2.39825","2.976","2.767","2.62175","3.0425","1.86075","1.496","3.0445","0.9895","2.106","2.79675","3.8465","2.12","2.51275","2.90025","0.79575","2.042","1.3775","1.16675","2.07625","1.63875","0.88475","2.097","1.48275","2.02925","2.50825","3.13975","2.606","2.01025","1.80275","2.785","2.30775","0.8325","2.9675","2.254"
"SELS","0.55725","-0.152125","0.625125","0.506375","0.5515","0.63275","-0.053875","0.594125","0.537125","1.064375","0.293625","0.844625","0.198375","0.1255","0.42575","-0.2225","0.285875","0.421","0.3845","0.4705","0.08425","0.19425","0.48475","0.894125","0.52","0.340625","0.4705","0.005","0.919625","0.093875","-0.598875","2.368375","0.667375","0.176","1.183125","-0.0515","-0.01325","1.39125","0.50425","0.156375"
"OR5AT1","0.271","0.5295","0.339","0.1075","0.3145","0.276","0.2825","0.739","0.335","1.122","0.127","0.0955","0.464","0.305","0.112","0.582","0.799","0.052","0.617","0.583","0.086","0.3425","0.5675","0.336","0.467","0.25","-0.193","0.295","0.196","-0.0315","0.384","0.1985","0.2875","0.731","0.5755","0.5265","0.1925","0.56","0.188","-0.284"
"MAGEA10","-4.83425","-4.56525","-1.791","-4.08725","-4.5675","-4.5085","-4.52875","-3.92475","-4.37175","-4.31275","-5.093","-4.5775","-4.4615","-4.073","-4.18925","-4.77525","-4.459","-4.51975","-4.53675","-3.683","-4.7525","-4.124","-4.19475","-4.6785","-4.345","-4.7525","-4.21725","-2.9215","-4.1815","-4.7645","-4.49525","-4.02675","-5.0085","-3.83225","0.84625","-4.857","-4.2625","-4.56725","-4.29125","-5.2875"
"RNF167","-0.4205","-0.9659","-0.4471","-0.1989","-0.0511","-0.0272","-0.1059","-0.2204","-0.0249","-0.241","-0.0027","0.7114","0.5891","-0.5427","-0.8587","1.5799","0.1819","-0.0302","-0.7757","-0.3566","-0.1366","-0.0651","-0.2584","-0.5956","-0.5658","-0.2478","0.203","0.0386","-0.2619","-0.3934","-0.3841","-0.3911","0.218","-0.2281","-0.2935","0.7292","-0.4148","0.2427","0.2634","-0.4364"
"CENTG2","1.0975","0.06825","1.06025","-0.85925","-0.2125","-0.364","0.58725","0.129","0.92275","-0.064","1.243","0.112","0.20425","-0.145","-0.08875","1.4075","0.3185","1.4275","0.50175","0.172","0.559","-0.27325","0.1055","0.1415","1.103","0.12975","0.31925","0.59575","-0.0825","0.09525","0.6665","0.5405","0.30375","-0.56925","0.29525","1.933","0.02075","-0.248","0.3725","-0.18525"
"MYEF2","-1.51325","-3.00675","-2.24475","-2.61914285714286","-2.669125","-3.328125","-4.631625","-2.533125","-2.176","-1.30375","-2.63725","-3.292125","-2.47225","-2.444375","-2.96275","-2.49725","-2.49325","-2.038375","-1.621875","-2.177375","-2.983625","-2.91425","-2.11475","-2.418875","-2.93625","-3.292125","-4.48825","-3.089","-2.6255","-2.833875","-3.316125","-2.771625","-2.688","-3.378","-3.08575","-2.548125","-2.456625","-3.244875","-2.87975","-3.094375"
"APOM","-3.742","-3.7565","-3.277625","-3.914","-3.11675","-3.24","-3.141625","-2.78","-4.01575","-3.897625","-3.7935","-3.276125","-3.7995","-3.258125","-3.688125","-4.535125","-3.446375","-3.274","-4.045625","-2.747375","-4.514","-3.131875","-3.765375","-4.12375","-3.749875","-3.112625","-3.21825","-2.5055","-2.831375","-3.049625","-2.94125","-2.7445","-3.557875","-2.526125","-3.749","-3.6145","-3.4445","-3.617625","-2.899625","-3.77375"
"DENND1C","-1.1955","1.1625","-0.36625","-0.61475","0.55375","-1.661","0.6865","0.4715","-1.8125","-1.2605","-0.3265","2.7685","-1.1675","0.872","0.4215","-1.667","-0.9635","-0.654","-0.7175","-0.053","-0.567","-0.173","0.8085","-0.891","-0.8045","1.688","1.84375","-0.23525","-1.899","-0.00875","-0.21325","-0.20425","1.03225","-1.521","-0.09375","-2.02175","-1.34375","2.3275","-0.83075","-0.519"
"COL1A1","1.2905","5.39","4.4205","3.96","6.275","3.08","5.99","4.9215","3.076","3.3415","6.169","3.5555","4.0915","5.248","4.5655","4.171","5.0595","4.6355","3.6905","5.526","4.243","5.1025","4.201","4.141","5.5925","4.7745","4.013","3.123","5.426","-0.5795","5.236","4.988","5.8135","1.7555","5.133","3.0835","2.084","4.552","4.98","4.207"
"WDR77","-0.0315","0.09875","-0.90025","-1.21275","-1.76","-0.7465","-0.62275","-1.3175","0.06225","-1.08125","-0.647","-1.08675","-0.71125","-1.37075","0.04675","-0.4675","-1.62425","-1.2325","-1.263","-0.876","-0.6","-0.94125","-0.6835","-0.8025","-0.8955","-0.984","-0.5945","-1.34575","-1.21575","-1.327","-1.09","-0.8705","-0.91025","-1.0565","-1.08175","-1.747","-1.38675","-0.83975","-0.9815","-1.342"
"MEIS3","0.9495","-0.92425","-0.14375","-0.7215","-0.22125","-0.621","0.96675","-0.22775","-0.88525","-0.157","1.2325","0.37675","0.024","-0.72225","-1.489","0.29775","0.2795","0.506","-0.26675","-1.259","-0.57725","-0.351","-0.04675","-0.38925","0.38425","-0.62125","-0.309","0.04975","-0.4815","-0.56675","0.06175","0.27825","1.37025","-0.78425","-0.7065","0.875","-0.178","-0.253","0.1365","0.18525"
"WDR18","-0.92175","0.131","-0.07825","-1.152","-0.17625","-0.68025","-0.2785","-0.4955","-0.38275","-0.542","-1.34475","-0.7595","-0.3125","-0.67175","-0.24425","-0.06775","-0.54825","-0.44525","-0.76925","-1.5225","-0.076","0.0315","-0.22325","-1.11125","0.1655","-0.4145","-0.409","-1.19775","-0.084","-0.14025","-0.26625","-0.3395","-0.05925","-0.3655","-1.3135","-0.0245","-0.898","0.02975","-0.399","-0.96575"
"CLIC6","-1.8121","1.0982","0.7377","5.0353","1.9489","1.1638","4.52","6.1651","-1.1512","-1.7402","4.5692","1.7833","1.4802","1.5652","0.0197","1.8628","3.872","-0.2089","5.5172","5.5067","3.1895","5.2234","3.5482","-0.2741","5.7106","1.2024","0.3347","2.3544","-1.1045","1.0279","0.5834","3.6677","6.0291","3.6871","0.2727","4.126","2.2652","0.0991","2.972","1.4212"
"SCRG1","0.082","3.995","-0.204","3.93425","0.98625","0.46125","-0.088","1.2505","-0.2105","-0.55025","1.749","-0.00175","0.5685","2.67675","-0.1955","-0.224","2.60325","-0.982","1.709","1.14475","0.73825","5.5115","0.56075","0.43125","-0.45775","1.73475","-0.937","2.9205","0.3855","3.25475","1.5595","0.98125","0.841","0.837","1.05625","-2.07","4.4405","5.07975","0.06125","1.86925"
"ALDH1A1","-4.13333333333333","-2.31533333333333","-0.285","3.09083333333333","-0.225","2.86683333333333","0.0913333333333333","-0.309","-1.9065","-2.84783333333333","-0.029","1.0075","-1.123","-0.331333333333333","-1.70583333333333","-0.594","-0.961166666666667","-1.37966666666667","-1.5395","0.69","-2.50783333333333","-1.24633333333333","0.453333333333333","-0.999","-0.8985","0.683166666666667","-0.614166666666667","0.891333333333333","-2.19933333333333","-0.644833333333333","0.518166666666667","-0.8","-0.163666666666667","1.7005","-0.2645","-2.1625","1.17733333333333","-0.572833333333333","-1.09633333333333","2.92683333333333"
"MYO1H","0.566166666666667","1.3075","-0.205166666666667","-0.236833333333333","0.4905","1.3366","0.394333333333333","0.437833333333333","0.125","0.1834","1.245","1.32683333333333","0.823666666666667","0.716333333333333","0.1815","0.2735","0.954833333333333","0.3615","-0.0631666666666667","0.0791666666666666","0.215833333333333","0.469333333333333","0.0498333333333333","0.8285","0.1775","1.06416666666667","0.2735","1.35233333333333","0.113666666666667","2.25616666666667","0.403","0.325833333333333","0.418166666666667","0.0823333333333334","0.770333333333333","-0.0521666666666667","1.08266666666667","1.36333333333333","0.550666666666667","0.747166666666667"
"KNDC1","0.448166666666667","-0.486","-0.624833333333333","-0.905166666666667","-1.28433333333333","-0.8006","0.161333333333333","-1.15583333333333","-0.203833333333333","-0.97","1.85483333333333","-0.8306","-0.815","-0.922333333333333","-0.485166666666667","-0.516","2.95783333333333","-0.872833333333333","-0.556333333333333","-0.8965","-0.376666666666667","-1.17816666666667","1.49733333333333","-0.3274","-0.418666666666667","-0.393666666666667","-1.137","-0.833833333333333","-0.9885","-0.169","-0.353833333333333","0.372833333333333","-0.427833333333333","-0.6236","0.914166666666667","-1.19166666666667","-0.730166666666667","-0.2075","-0.985666666666667","-0.331333333333333"
"PTCHD2","-0.0735","-0.1835","0.56","0.0365","-0.458","-0.438","0.044","-0.8485","0.0475","-0.005","-0.6465","-0.455","0.292","-0.16","-0.0355","0.162","-0.56","0.1525","-0.6455","-0.089","0.0455","-0.6525","0.1665","0.6805","-0.103","0.0535","-0.406","-0.567","-0.711","-0.082","-0.4175","-0.4175","0.0765","-0.8315","-0.318","-0.3865","-0.972","-0.0215","-0.9025","0.2275"
"EIF3B","-0.193357142857143","0.378071428571429","-0.717571428571429","0.403642857142857","-0.294785714285714","-0.202785714285714","-0.275857142857143","-0.0809285714285714","-0.23","0.00100000000000001","-0.699857142857143","-0.489857142857143","-0.310214285714286","-0.379214285714286","-0.0945","-0.188714285714286","-0.254357142857143","-0.258928571428571","-0.256214285714286","-0.797357142857143","0.976857142857143","-0.505071428571429","0.0927857142857143","0.0177142857142857","-0.112214285714286","-0.570785714285714","-0.901357142857143","-0.9175","-0.0213571428571429","-0.142428571428571","-0.445142857142857","-0.485","-0.534071428571429","-0.138714285714286","0.208142857142857","-0.675928571428571","-0.613571428571429","-0.241214285714286","-0.436642857142857","-0.628214285714286"
"HNMT","-1.3765","0.106166666666667","0.267666666666667","2.03266666666667","1.93333333333333","2.7415","0.285833333333333","1.571","-0.295166666666667","0.374833333333333","0.283166666666667","0.839","-0.100666666666667","0.6565","0.146","0.0395","0.2455","1.36916666666667","1.45066666666667","1.60033333333333","-0.995833333333333","0.794","1.15016666666667","1.09216666666667","0.221833333333333","0.399","0.652666666666667","1.37533333333333","0.694333333333333","1.33066666666667","0.942666666666667","0.984166666666667","0.7955","2.54633333333333","0.490666666666667","1.26533333333333","2.002","-0.120833333333333","0.732333333333333","2.16633333333333"
"ALDOAP2","-0.1175","-0.432","0.802","-2.1505","-1.132","-0.343","0.436","-0.956","-0.4045","-0.56","-0.8165","-1.338","0.5485","-0.986","-0.381","-0.5525","0.734","-0.4615","-1.99","-1.64","-1.383","-0.5375","-0.243","-1.0515","0.8895","-0.463","-1.504","-1.3235","-0.457","-0.913","-0.427","-0.543","-0.718","-0.323","-0.509","0.067","-1.979","-1.0535","-0.94","-1.2085"
"ALDH16A1","-0.302","-0.03375","-0.323875","-1.10625","0.7105","0.390875","0.912875","-0.03475","-0.011125","-0.1215","-0.634375","0.763625","0.305375","-0.02425","-0.437875","-1.01025","0.236875","0.383875","-0.568125","-1.114125","-0.282375","0.36525","-0.06725","-0.231","-0.72925","0.093","0.088375","-0.686875","0.397625","-0.7765","-0.074375","0.075","0.548625","0.28675","-0.09475","0.242625","-0.03925","0.612875","0.226375","-0.69475"
"AATK","1.4202","0.0076","0.1726","-0.6346","-0.2695","-0.4423","-0.2374","-0.1347","-0.661666666666667","1.1584","-0.2077","-0.4515","0.3016","-0.2749","-0.4968","0.726","-0.2763","-0.1129","-0.4152","-0.8064","0.3267","-0.2593","0.606","-0.304","-0.1509","-1.0562","0.7224","-0.3451","0.2372","0.7617","-0.2494","0.4555","-0.4117","-0.3131","-0.5685","-0.3752","-1.0052","-0.4401","0.4417","-0.13"
"KCTD14","-1.75783333333333","-1.52916666666667","-1.61666666666667","1.14866666666667","-0.787333333333333","-1.4875","-1.453","0.417666666666667","-1.4865","0.526","0.281166666666667","-0.926333333333333","-0.649","0.406833333333333","-0.979166666666667","-0.585","-1.83833333333333","-1.13316666666667","1.1595","0.1475","-1.4415","2.15083333333333","-1.585","-1.988","1.41","1.17316666666667","-0.632166666666667","1.68466666666667","-0.839833333333333","2.7385","-0.0745","0.391","-1.0965","-0.88","-1.15716666666667","0.767333333333333","1.46416666666667","1.06683333333333","0.796833333333333","0.5535"
"KIR2DL1","0.4","0.5755","-0.28","-0.618","0.599","0.452","0.677","0.893","0.5385","0.563","0.3195","1.3635","0.474","0.705","1.239","0.637","0.656","0.6935","0.7005","0.0155","0.417","0.161","0.7395","0.7455","0.407","0.6625","1.1685","0.9555","0.6095","-0.2515","0.6955","-0.0015","0.5485","1.1285","0.6225","-0.0695","0.175","0.7475","0.2025","-0.118"
"PDE4C","-0.5005","-0.717","-0.802333333333333","-0.729","-0.743","-0.405166666666667","-0.3405","-0.959833333333333","-0.379333333333333","-0.780666666666667","-0.8525","-0.7415","-0.838","-0.568333333333333","-0.558","-0.743166666666667","-1.19716666666667","-0.763666666666667","-0.4385","-0.653666666666667","-0.700166666666667","-0.721833333333333","-0.764","-0.3875","-0.541333333333333","-0.585","-0.760333333333333","0.317666666666667","-0.4835","-0.383333333333333","-0.744833333333333","-0.778666666666667","-0.889333333333333","-0.2945","-0.895333333333333","-0.796333333333333","-0.6695","-0.607333333333333","-0.714333333333333","-0.262333333333333"
"LOC400657","0.9515","-0.4815","-0.2605","0.3415","-0.3445","0.1835","-0.963","1.0265","0.4155","0.951","-0.128","0.6925","-0.402","0.6185","-0.7495","0.821","0.1","0.5475","0.8145","1.0485","-0.78","-0.736","-0.006","-0.1475","0.3755","-0.2335","0.197","0.4855","0.0055","0.525","0.681","0.3105","0.753","0.053","-0.3305","0.065","0.289","-0.194","-2.5865","0.5995"
"ZNF766","0.0655","0.935","0.0655","-1.086","0.578","0.085","0.3005","0.675","1.2905","-0.373","0.4955","0.618","1.205","1.199","-0.14","1.2365","0.0275","1.672","1.1815","1.4975","-0.206","-5e-04","-0.6005","1.262","0.2865","0.535","1.297","0.9875","0.7265","1.4695","0.6685","0.566","-0.045","0.0125","1.647","1.0545","0.997","0.7005","0.0145","0.3985"
"MLANA","-4.84525","-4.48725","-5.313","-3.547","-4.9535","-4.72175","-4.367","-4.02275","-3.99675","-4.32475","-4.8385","-5.3305","-4.9685","-4.267","-4.54675","-4.8885","-5.127","-4.4345","-4.82725","-3.9305","-5.245","-4.7445","-4.01025","-4.863","-4.265","-4.7585","-4.57425","-3.835","-4.11075","-4.649","-4.719","-4.166","-5.10675","-4.31925","-4.60525","-4.959","-4.8605","-4.735","-4.3635","-5.67175"
"HOMER3","-1.1625","0.749","-1.21816666666667","-1.45833333333333","0.139166666666667","-0.979833333333333","-0.485833333333333","-0.164833333333333","-1.21416666666667","-0.88","-0.2335","0.0946666666666667","0.509833333333333","0.544333333333333","0.251","-1.28016666666667","-0.743666666666667","-0.107333333333333","-1.121","-1.7875","1.23483333333333","-0.119666666666667","0.678166666666667","1.29983333333333","-0.0933333333333333","-1.25483333333333","-0.365","-1.03533333333333","0.0903333333333333","-0.723333333333333","-0.213","-0.989","0.565166666666667","-1.21666666666667","1.78966666666667","-1.325","-1.36416666666667","0.466","0.0566666666666667","-0.661666666666667"
"C17orf61","-0.30275","-0.67525","0.69775","-0.98725","0.137","0.93975","0.19675","0.34225","-0.601","0.073","-0.72775","0.1525","0.0235","-0.307","-0.765","0.5385","-0.0115","-0.6275","-0.9275","0.3155","-1.03125","0.17825","-0.536","-0.75975","0.461","-0.64175","-0.2135","-0.6925","0.22225","-0.0605","-0.70575","-1.299","-0.5095","1.4915","-0.7595","-0.33075","0.575","0.36025","-0.12275","-0.118"
"CAPRIN2","-0.11075","-1.520125","-0.18275","-0.82725","-0.9535","-0.486375","-0.783125","-0.996375","-0.4165","-0.3525","-0.257125","-0.7095","-1.47775","-0.95875","-1.123","-1.427375","-0.10575","-1.369","-0.252","-0.546","-1.1185","-1.13225","-0.95925","-0.56775","-0.819375","-0.764875","0.039625","-0.66925","-0.32875","-0.626875","-0.69875","-1.465375","-0.935125","-0.551125","-1.204","-0.523375","-1.1835","-0.990625","-1.6215","-0.457"
"UTP3","-0.45275","0.16075","-0.26025","0.677","0.2355","-0.1205","-1.19025","0.10075","0.07775","1.10475","0.13925","0.000250000000000007","-0.269","-0.50975","0.28375","0.74825","-0.34625","0.25425","0.48225","0.32","-0.54025","-0.3155","0.25975","0.22925","-0.0115","0.03825","0.5845","0.2155","-1.01425","-0.2655","-0.249","-0.134","0.3595","-0.53825","-0.24775","-0.07575","0.25075","0.4155","0.49025","0.3375"
"EPB42","-0.606","-0.691","-0.548166666666667","1.23","-0.0293333333333333","3.89566666666667","-0.529","-0.3745","-0.429333333333333","-0.860833333333333","-0.797166666666667","-0.8285","0.0511666666666667","0.695166666666667","-0.534833333333333","-0.813166666666667","-1.04316666666667","-0.552833333333333","-0.576333333333333","-0.5625","-0.941166666666667","-1.088","0.03","-0.8005","-0.516333333333333","-0.303333333333333","-0.456","0.951666666666667","-0.843","-1.332","-0.3415","-0.324833333333333","-0.408333333333333","2.97733333333333","-0.0725","-0.7375","0.0671666666666667","0.00733333333333334","-1.24683333333333","0.8165"
"PGC","-3.117875","-2.65525","-3.00825","-2.70825","-2.497625","-2.84875","-2.5205","-2.534","-2.599","-2.56125","-3.0835","-2.8515","-2.880875","-2.38675","-1.964875","-2.43175","-2.256625","-2.779","-2.76325","-2.2795","-3.262625","-2.467375","-2.03","-2.528625","-2.358875","-2.9245","-2.530875","-2.18675","-2.524125","-2.857125","-2.23725","-2.65325","-2.892375","-2.46675","-2.6695","-1.627375","-2.79775","-2.62475","-2.141375","-3.242"
"C14orf94","-0.466","-0.8625","-0.579333333333333","-0.557166666666667","0.0186666666666667","-0.508833333333333","-0.780666666666667","-0.184333333333333","-0.0381666666666667","-0.166833333333333","-0.145333333333333","-0.367","-1.36433333333333","-0.546333333333333","-0.764","0.142833333333333","0.133833333333333","-0.304666666666667","0.219833333333333","-0.993333333333333","-1.2845","-0.579166666666667","-0.509166666666667","-0.9265","-0.210833333333333","-0.2","-0.4305","-0.242166666666667","-0.600166666666667","0.3235","0.187833333333333","-0.382666666666667","-0.954166666666667","0.0953333333333333","-0.761","0.0156666666666667","0.0441666666666667","-0.417","-0.569166666666667","-0.415166666666667"
"HIST1H4G","0.04825","0.11975","0.487333333333333","0.10825","1.6895","-0.13925","0.25475","0.33","0.4085","0.6175","0.184","-0.256","-0.56625","-0.253","0.5995","0.55625","-0.085","0.34125","0.45675","0.15575","-0.36675","0.73475","-0.11725","-0.6995","0.4725","-0.01075","0.3345","-0.49375","0.1","0.55975","-0.2525","-0.046","0.77575","-0.298","-0.30775","0.08175","1.24975","0.71325","0.491","0.53125"
"CCRN4L","0.8475","1.888375","0.259125","-0.5855","0.325125","0.00550000000000002","-0.29475","0.95325","0.2965","1.915875","-0.7655","-0.51","-0.0995","0.466625","0.192","0.272125","-0.489625","0.051625","0.073125","-0.823125","1.104875","0.02425","1.031875","-0.315125","-0.05775","-0.45975","0.3815","-0.89975","1.112625","-0.649625","-0.27025","0.385375","1.062875","-0.968125","0.177625","0.954375","-0.403375","-0.31525","-0.257875","-0.492875"
"COCH","-4.68016666666667","-0.847833333333333","-4.73733333333333","-3.39183333333333","-3.651","-2.70766666666667","-3.31916666666667","-4.6575","-4.882","-1.72316666666667","-3.96483333333333","-3.01533333333333","-4.70066666666667","0.301","-3.503","-3.4745","-4.7725","-5.13716666666667","-1.05916666666667","-3.06283333333333","-5.63","-3.477","-4.37966666666667","0.696833333333333","0.0748333333333333","-3.46633333333333","-2.66066666666667","-4.01233333333333","-2.00983333333333","-5.0965","-5.168","-4.21283333333333","-5.04516666666667","-3.367","-4.1305","-5.3565","-3.84016666666667","-1.08883333333333","-4.247","-4.283"
"LOC153222","1.9","0.412","0.2805","1.60825","1.38775","1.779","1.57775","1.75225","1.89975","1.08125","1.359","1.521","1.49225","1.18775","-0.358","2.4755","-0.44275","2.6685","1.508","1.43225","0.3695","1.599","0.37825","0.8385","2.026","1.6065","2.08775","2.8865","2.281","1.90025","1.975","1.5895","1.77","1.89725","1.4895","3.01025","3.39975","0.987","1.206","2.58325"
"C20orf74","-0.4955","-0.5755","-1.376","-0.1815","-0.086","0.045","1.38175","-0.426","1.168","-0.697","-0.55975","-0.951","0.26725","0.97525","0.54375","0.12925","-0.294","0.5725","-0.75075","0.1775","-0.04125","-0.19475","-0.9825","0.5885","0.60475","0.96525","1.05475","0.69675","-0.7405","-0.32075","-0.29375","-0.5515","0.23175","0.67275","1.72375","2.01925","1.312","-1.004","1.2365","0.40225"
"AMT","-1.1346","-2.2045","-1.4399","-1.656","-1.7751","-0.4706","-1.181","-1.8587","-1.9063","-0.9378","-1.6227","-1.0088","-0.6021","-1.7067","-2.2379","-3.1413","-2.0029","-2.4499","-1.4487","-0.5622","-1.8375","-0.5503","-1.9261","-2.6336","-1.7078","-1.1302","-1.962","0.3177","-1.828","0.7158","-1.7812","-2.2024","-2.3098","-1.1318","-2.4408","-1.1861","-1.5944","-0.8455","-2.5285","-0.2267"
"FLJ39822","-2.403","-1.14416666666667","-0.877166666666667","-0.9408","-1.362","-1.1335","-0.804","0.497166666666667","-0.693","-1.2105","0.346666666666667","-0.8105","-0.836833333333333","-1.187","-1.3158","0.285833333333333","-1.04166666666667","-0.433833333333333","-0.310333333333333","1.162","-1.5635","-0.709666666666667","-1.21183333333333","-0.129","-0.995","0.885166666666667","-0.441666666666667","-0.829833333333333","-0.799166666666667","-1.237","0.464833333333333","-0.920166666666667","0.1225","-0.435166666666667","-0.155333333333333","0.432833333333333","-1.07716666666667","-0.257833333333333","0.9285","-0.1015"
"PTBP2","-0.651","-1.7765","-1.1555","0.37225","-0.26975","0.145625","-0.618375","0.1375","-0.941875","0.037625","-0.895875","-0.247","-1.04575","-0.60275","-0.72075","-1.475","-0.93025","-0.566","-0.600375","-0.287875","-1.829","-0.69875","-0.486","-0.218125","-1.0485","-0.576875","-1.207375","0.128375","-1.001375","0.63475","-0.4305","-1.121375","-0.409875","0.4825","0.00150000000000001","-0.55725","-0.444","0.347125","-0.906625","-0.39525"
"SMARCA5","0.1285","-0.1555","-0.6695","-0.52675","0.0415","-1.37875","-0.73075","-0.409","-0.29725","-0.47675","-0.57375","-0.06475","-0.366","0.61125","-0.34675","0.05025","-0.25025","0.26075","0.48425","0.2455","-0.4635","-0.7085","0.02175","0.4995","-0.49425","-0.74775","0.01575","-0.51325","-0.52425","-1.44575","-0.875","-0.754","-0.075","-1.13575","0.1905","0.09075","-0.01625","-0.70925","-1.4445","-0.96625"
"EHHADH","0.00350000000000001","-1.07466666666667","-0.402166666666667","0.729166666666667","-1.545","2.15","-1.78516666666667","0.316166666666667","-1.4925","0.2245","0.437166666666667","0.394333333333333","-0.526","0.0403333333333333","-0.630166666666667","-0.484833333333333","1.178","-0.397833333333333","0.0353333333333333","0.115166666666667","-1.63833333333333","-0.509","0.0675","0.847666666666667","-1.13516666666667","-0.162166666666667","-0.121166666666667","-0.327166666666667","-1.39933333333333","-0.011","0.634666666666667","-0.164833333333333","-0.173833333333333","1.29433333333333","1.2065","-0.691333333333333","0.6625","1.17033333333333","-0.771","0.395166666666667"
"MGC39715","0.30725","-0.045","0.83475","-0.0652499999999999","0.383","0.42675","-0.5445","-0.197","0.635","-0.4015","0.35975","0.14775","-0.643333333333333","0.7335","-0.03275","0.5695","0.06225","-0.843333333333333","0.075","0.0185","-0.5415","0.2015","-1.06","0.997","0.4235","0.3195","1.32575","0.95525","-0.22725","-0.668","0.21925","1.01025","1.10225","0.350666666666667","0.75825","0.183","0.218","0.053","-0.0816666666666667","0.71475"
"NEK11","2.8175","1.46183333333333","2.358","1.645","1.18333333333333","1.33816666666667","3.55083333333333","2.65216666666667","1.80883333333333","0.553166666666667","2.45583333333333","1.99633333333333","2.3895","0.956","1.822","1.68483333333333","3.56116666666667","2.0855","2.32","2.3155","0.851666666666667","1.45183333333333","1.51183333333333","2.10133333333333","1.50066666666667","2.416","1.88783333333333","1.9355","1.591","1.69933333333333","3.06233333333333","2.97033333333333","2.166","0.487166666666667","2.22683333333333","2.4555","1.96333333333333","0.752666666666667","2.48","1.20333333333333"
"HHLA3","-0.307","-0.0253","-0.8043","-0.9375","-0.7353","-0.0155","-0.6236","-0.394","-0.7948","-0.4593","-0.2355","0.2699","-0.5614","-0.4468","0.3068","-0.123","0.15","-0.6669","-0.4324","0.0936","0.0329","-0.1628","-0.1476","-0.2885","0.0447","-0.2195","-0.6891","0.0336","0.474","0.0988","-0.1637","0.2063","0.0374","-0.4203","-0.0387","-0.6064","-0.5247","1.3445","-0.5819","-0.2777"
"FLYWCH2","1.198625","0.6465","1.425125","0.2055","0.442625","0.66825","1.2075","0.260875","0.935","1.224","0.678125","0.109125","1.130875","-0.2845","0.706125","0.910375","1.694","-0.108875","-0.791625","0.449125","-0.529625","0.39825","0.141625","-0.3285","0.962","0.2055","0.0775","-0.43275","1.2385","-0.206875","0.98975","1.3235","0.586625","-0.074875","0.728125","0.9285","-0.013625","-0.096625","0.726875","-0.323625"
"DMGDH","0.401","-1.038","0.58","2.2145","0.85925","5.103","-0.89375","0.05175","-0.23375","1.4395","0.158","0.3125","0.1285","1.061","-0.646","1.2925","1.462","-0.07775","2.19325","1.4035","-1.56925","-0.364","0.228","-1.42975","-0.54825","1.04425","0.38475","1.25025","-1.26775","-0.013","0.88525","0.036","0.397","3.43425","-0.27175","-1.4195","1.30075","0.27525","-0.4025","2.24125"
"STAR","-4.395","-5.33075","-5.08325","-4.0885","-4.116","-4.2675","-1.507","-3.11875","-5.06325","-4.44125","-4.09225","-2.5305","-4.68425","-3.355","-4.54475","-5.43225","-4.67375","-4.95175","-5.13725","-2.39475","-2.20575","-3.44875","-3.433","-4.957","-4.3925","-3.4735","-3.83325","-2.17025","-5.22375","-3.62625","-5.165","-4.21925","-3.6565","-2.833","-4.52725","-3.83025","-2.74225","-3.934","-4.147","-4.46025"
"TATDN2","1.01816666666667","0.519","0.0376666666666667","-0.164833333333333","-0.137833333333333","-0.183","0.2385","-0.0931666666666667","-0.3935","0.0783333333333333","0.0271666666666667","0.565333333333333","0.240666666666667","0.549833333333333","0.0826666666666667","-0.0298333333333333","-0.507333333333333","-0.0501666666666667","-0.0166666666666667","-0.1765","1.03316666666667","-0.129166666666667","0.056","-0.120666666666667","0.248166666666667","0.404","0.211666666666667","0.0115","0.238833333333333","0.117","-0.153166666666667","0.099","2.49333333333333","-0.522333333333333","0.0495","0.0908333333333333","-0.452166666666667","0.103","0.0543333333333333","0.161666666666667"
"TLX1","-0.373","1.64233333333333","0.879333333333333","-0.334666666666667","-0.315833333333333","-0.628333333333333","0.1655","-0.432166666666667","0.325666666666667","-0.576666666666667","-0.430833333333333","-0.673","-0.00716666666666665","0.190666666666667","1.99383333333333","0.0383333333333333","-0.279833333333333","-0.00333333333333332","-0.049","-0.444833333333333","0.311666666666667","0.0896666666666667","0.251833333333333","-0.153","0.164666666666667","-0.573833333333333","-0.636333333333333","0.0515","-0.238166666666667","0.2375","-0.309333333333333","0.00266666666666667","-0.239","0.320666666666667","-0.449333333333333","-0.374833333333333","-0.220333333333333","0.399333333333333","0.466","-0.0611666666666666"
"NF2","-1.06915","-0.04725","-0.63455","-0.910052631578947","-0.4545","0.12665","-0.64545","-0.55035","-0.5344","-1.0601","-0.3548","-0.7249","-0.6076","-0.37435","0.51455","-0.3296","-0.1209","0.0491","-1.25725","-1.151","0.34375","-0.5938","0.00570000000000001","-0.5147","-0.64685","-0.35575","-0.2735","-0.74745","-0.5563","-0.3826","-0.4536","-1.0345","-0.1997","-0.5265","-0.27445","0.11375","-0.43755","-0.1795","-0.1004","-0.63155"
"WNK2","-0.318625","0.258125","-0.778375","-0.9238","-0.5875","-0.923625","-0.506875","-0.533625","-0.45325","-0.63575","0.413","-0.7965","0.663125","0.71875","0.09075","-0.8465","0.116875","0.596625","-0.611714285714286","-1.238125","0.5615","-0.174125","0.492125","-0.642","-0.058375","0.06775","-0.548","-0.193125","-0.560375","1.208375","-0.46975","-0.629875","0.05525","-0.94475","-0.725375","0.85875","-0.340625","-0.00725","-0.139714285714286","-0.45275"
"KRT28","0.1475","0.6555","0.4915","0.4255","0.2695","0.233","0.271","0.533","0.2915","0.6745","-0.164","-0.167","-0.109","0.1585","0.1605","0.7025","0.1165","0.381","0.781","0.959","0.509","0.3325","0.335","-0.151","0.099","0.894","0.223","0.6455","0.549","0.0905","0.332","0.748","0.203","0.2755","0.402","-0.003","0.579","0.0245","-0.364","0.3065"
"OR51B4","-0.426","-1.65375","-0.74625","0.37425","-1.516","-1.73275","-0.935","-2.1795","-0.3945","-0.66075","-1.122","-2.84875","-0.665","-1.21125","-1.3255","-1.2205","-2.767","-1.3255","-1.97125","-0.992","-1.8555","-1.06","-0.8505","-0.96725","-0.33","-1.085","-1.48425","-1.062","-1.6005","-1.159","-1.10625","-0.4155","-0.7675","-2.607","-1.33325","-1.125","-1.36025","-1.12325","-1.57","-0.11575"
"TDRD9","-3.37525","-2.461","-2.65775","-2.5615","-2.7965","-2.9135","-1.87525","-2.3555","-3.07975","-3.36575","-1.42825","-2.798","0.448","-1.894","-2.85125","-3.2615","-3.526","-2.66375","-2.998","-1.83575","-3.398","-0.0595","-2.35975","-3.346","-2.162","-2.8485","-2.19025","-1.3855","-2.92175","-1.9705","0.3245","-1.8435","-3.39325","-1.9175","-1.40725","-3.4895","1.038","-2.117","-2.48225","-1.60875"
"KCNA1","0.260333333333333","0.0978333333333333","-0.2755","0.872","1.07866666666667","1.12566666666667","0.716333333333333","0.825166666666667","0.1764","-0.244833333333333","0.957166666666667","1.1815","0.1968","1.66066666666667","0.2898","0.459333333333333","-1.1146","0.0915","0.00116666666666669","-0.0938333333333333","-0.061","0.462","0.189","-0.101833333333333","-0.0393333333333333","0.283833333333333","1.17316666666667","1.6285","-0.09","0.846666666666667","1.10166666666667","0.659","1.277","-0.0151666666666667","0.447","0.2205","2.01633333333333","0.826","0.2502","1.792"
"C9orf58","-1.08083333333333","1.88933333333333","-1.58333333333333","0.643333333333333","0.349333333333333","1.76816666666667","0.370166666666667","-1.41083333333333","1.868","-0.7075","0.0955","-0.833333333333333","1.45566666666667","0.395833333333333","2.16716666666667","-0.0968333333333333","-0.587333333333333","0.831833333333333","-2.38866666666667","-1.40983333333333","0.569833333333333","0.476666666666667","-0.1945","-0.254333333333333","0.0906666666666667","1.35583333333333","-0.612666666666667","1.29966666666667","-2.31466666666667","1.57583333333333","-0.3075","-0.981166666666667","-0.547833333333333","1.57266666666667","0.5945","-1.75466666666667","0.711666666666667","2.28616666666667","-0.750666666666667","0.512166666666667"
"DUSP11","0.56225","-0.177","0.117","0.70275","0.1685","-0.14025","-0.41025","0.69475","0.21675","-0.3915","0.4695","0.67","0.06075","0.38675","0.1505","0.4825","0.45325","-0.28525","0.31425","0.36675","0.5055","0.1025","-0.17025","0.59475","-0.02375","0.6455","0.6535","0.41375","0.20975","0.437","0.667","0.135","0.381","0.0055","0.5865","-0.358","0.52575","0.7045","0.329","0.2585"
"DYNC1I1","-3.548","0.925375","-1.110375","0.40625","-0.222625","0.498125","-0.12175","-1.0235","-1.336125","-1.481125","-0.10675","-2.15125","-1.584625","-1.514","-2.157875","-1.154","-0.084375","-1.20175","-1.711625","-0.918","0.40625","-0.785","-0.906625","-1.585625","-1.0265","0.74775","-0.911625","0.340125","-0.96325","-0.129375","1.379875","-0.619","-1.012125","-0.327","-0.765","-2.2235","-0.608875","-1.02125","-1.339375","-0.431625"
"C16orf13","0.05425","0.1485","-0.35225","-0.62325","0.035","-0.473875","0.216","-0.240875","0.56325","-0.7465","-0.87425","0.1175","0.01875","-0.159375","-0.292","-0.4425","-0.211875","-0.492625","-1.10325","-0.643875","-0.01425","0.241875","0.445125","-0.41975","0.903125","-0.563875","-0.333625","-1.521625","0.997","-0.76825","-0.7105","0.051875","0.217125","-0.40325","0.33725","-0.0275","-0.926625","0.302875","0.11575","-0.958"
"FLJ40243","-0.19875","0.843","0.433","-0.452","-0.4055","0.15375","0.249","0.37675","0.7245","-0.60025","-0.111","0.82475","0.58775","0.32475","-0.0275","0.11575","0.44375","0.011","0.26675","0.303","0.54275","-0.067","0.32925","1.51175","0.39925","0.867","0.53075","0.27575","-0.1395","-0.1755","0.27375","0.0705","0.2355","0.73975","1.874","0.20625","-0.188","-0.034","-1.27233333333333","-1.10266666666667"
"DIRAS1","-0.761166666666667","1.2445","-1.03116666666667","-0.589333333333333","-0.383333333333333","-0.687666666666667","-0.536833333333333","0.329833333333333","-0.8785","-0.0248333333333333","-0.3655","-0.125833333333333","-0.962666666666666","0.459666666666667","0.654","-0.261666666666667","-0.355833333333333","0.424833333333333","0.428166666666667","-0.003","0.889166666666667","0.7835","0.4185","1.108","0.66","-0.607","-0.920333333333333","0.386166666666667","0.8555","-0.0671666666666667","-0.6455","0.685833333333333","0.556666666666667","-0.540166666666667","-0.699833333333333","-1.2115","-0.0506666666666667","0.473","-0.3035","-0.601833333333333"
"LMTK3","0.9475","-0.224","1.0205","-0.291","0.9395","-0.902","2.0825","0.2175","-0.466","1.078","1.198","-0.1435","0.9235","0.4765","2.1235","0.885","1.7745","-0.6835","-0.5505","0.5165","1.69","0.494","1.737","0.7195","0.4615","1.1745","0.947","-0.356","0.803","-0.4495","-0.7945","0.8375","1.911","-1.211","2.115","0.7695","0.281","-0.1905","0.6145","-1.289"
"MFSD3","-0.6473","0.548","0.9585","-1.5255","-0.0176","-0.3147","-0.0336","-0.3311","1.8701","1.5704","1.5662","0.8296","0.7055","-0.2806","-0.2641","1.5036","-0.4203","-0.0583","-0.0563","0.1492","1.1413","1.2027","0.9202","-0.4644","2.2775","-0.3942","0.0229","-0.744","2.4328","0.3257","0.1548","0.0635","0.8247","-0.6336","-0.5483","0.3953","-0.3215","0.1244","0.1537","-0.8994"
"REXO1L1","1.108","-0.04","0.029","0.642","-0.9415","-0.5015","-0.0995","-0.09","0.207","0.3","-0.173","-0.706","0.363","-0.3105","-0.655","0.486","-0.062","-1.1325","2.353","-0.274","0.1525","-0.247","-0.053","0.3015","-0.2625","-0.7145","0.4895","2.9885","-0.1485","0.3305","-0.167","0.177","-0.729","2.5145","-0.508","-0.3755","1.0445","-0.0895","0.3735","1.585"
"KCNQ3","1.0285","1.397","0.604","0.7635","0.3455","0.626","0.7355","1.0765","0.7965","1.0085","0.7795","0.5495","0.8505","1.517","0.5085","0.5855","1.753","0.494","0.1965","0.9455","0.7365","1.0515","0.7025","0.72","0.7225","0.5465","0.1275","-0.214","0.6305","-0.204","0.6575","0.8815","2.0645","0.308","0.856","0.361","0.27","1.8085","0.507","-0.1215"
"BRE","0.321166666666667","-0.0795","0.590166666666667","0.321166666666667","-0.242166666666667","0.138666666666667","0.2605","-0.187833333333333","0.240666666666667","-0.147666666666667","0.265","-0.0511666666666667","0.207166666666667","-0.1565","0.2645","-0.0635","0.833333333333333","0.141666666666667","-0.000499999999999996","0.340666666666667","-0.0518333333333333","0.369666666666667","0.0543333333333333","0.079","0.492166666666667","0.364666666666667","0.2335","0.0576666666666667","-0.0378333333333333","0.0251666666666667","0.6875","0.470166666666667","0.371","0.350333333333333","0.4495","0.832666666666667","-0.190833333333333","0.578333333333333","0.1235","0.0705"
"PEX14","-0.2015","-0.8175","-0.4485","-0.158","-0.1785","0.725","0.289","0.093","-0.2625","0.3685","-0.0515","0.063","-0.334","0.1425","0.273","0.355","-0.7805","0.0575","-0.9915","-0.155","0.0135","-0.0615","-0.23","-0.8315","-0.359","-0.0255","0.075","0.564","-0.856","-0.364","0.05","0.2145","0.242","0.046","0.073","-0.1895","0.4865","-0.679","-0.3055","0.0885"
"LHFPL2","0.67675","0.80025","0.630125","0.10625","0.76075","0.07875","0.67525","-0.170125","0.72525","-0.52225","1.057125","1.067375","0.236875","1.0555","0.168125","1.044625","-0.3135","0.838125","-0.03375","0.132125","1.495875","0.819875","0.540875","0.734625","0.943875","0.962625","1.074125","0.5595","0.674125","1.075","0.4065","0.10525","0.846375","-0.62325","1.191625","-0.845875","0.67375","-0.03","0.060125","0.34175"
"TUBG1","-0.84625","-1.06275","-0.05425","-2.348","-1.595","-0.67025","-1.03775","-1.82375","-0.11225","-0.67375","-0.483","-1.1445","-0.339","-1.026","-1.26025","-0.17175","-1.4115","-0.2505","-1.29175","-2.02","-0.78925","-1.03525","-0.45075","-1.257","-0.43275","-1.74","-0.8545","-1.90725","-0.67175","-0.96525","-1.8335","-1.10675","-0.61275","-0.94925","-1.471","-0.963","-2.09725","-0.54275","-0.982","-1.0965"
"OGN","-3.157","-3.18525","0.31225","6.483","4.47475","4.571","0.99125","3.5195","1.45675","-2.2205","1.834","2.025","1.821","1.97625","-0.783","1.6615","2.24475","3.259","2.29025","3.8565","-1.3955","0.6575","1.21975","-3.39925","-0.3765","3.72725","1.72025","3.54075","1.0785","2.0755","3.70425","2.704","2.792","3.0675","1.58425","5.50925","3.44475","1.00425","2.98175","5.496"
"HTR2B","-0.27725","0.51425","3.95475","4.11675","3.766","2.68675","2.244","3.86575","1.99675","0.45875","3.4385","3.9955","2.4465","3.25425","0.6045","3.303","2.531","3.53575","2.19625","4.788","1.453","2.722","2.598","0.482","2.07675","3.46675","3.19275","1.209","2.578","0.77825","4.17","2.34175","3.36475","2.705","3.39175","0.855","1.4775","3.5655","1.9995","3.40725"
"C9orf167","-2.98483333333333","-1.2795","-2.0485","-2.47966666666667","-1.691","-1.24966666666667","-1.11733333333333","-2.0595","-2.64416666666667","-2.2925","-1.51566666666667","-0.641","-2.46733333333333","-1.24133333333333","-2.37966666666667","-1.92333333333333","-1.73333333333333","-1.49366666666667","-2.756","-2.04233333333333","-2.42333333333333","-1.91433333333333","-1.1725","-1.79483333333333","-1.32","-1.20366666666667","-1.40783333333333","-1.79116666666667","-2.37616666666667","-2.64533333333333","-1.46266666666667","-1.38583333333333","-1.26916666666667","-1.024","-1.82716666666667","-2.17783333333333","-2.65683333333333","-1.09516666666667","-1.49566666666667","-1.5255"
"SEPT6","-1.1859","-0.7068","-1.1959","-0.8909","-0.9613","-1.3538","0.1485","-1.1514","-1.0894","-2.0233","-0.8134","0.3185","-0.6106","-0.0807999999999999","0.1843","-1.0245","-1.4365","-1.1142","-1.5999","-0.8407","-0.2766","-0.474","-1.1565","-0.4194","-1.1603","0.0381","0.6051","-1.1023","-1.2342","-0.6603","-0.3445","-0.4429","-0.7266","-1.5747","-0.6877","-1.0914","-1.2666","-0.8921","-0.8694","-1.1271"
"HEY2","0.5745","0.8182","-0.1887","3.0132","1.6537","0.7211","1.9555","0.279","-0.4426","0.2127","0.9696","0.9591","2.4396","1.028","-1.365","0.1901","0.0545","-0.0751","-0.7608","0.2986","1.2592","0.8802","-0.6757","0.2011","0.5165","1.2907","-0.6876","1.4441","-0.6502","1.1982","0.834","0.6746","-0.1377","0.9772","0.1871","-0.3653","1.7912","0.5413","0.394666666666667","1.8594"
"TSFM","0.00175","0.0925","-0.33575","-0.78225","-0.00825","-0.33575","-0.2015","0.06575","0.05025","0.164","0.5965","-0.33575","-0.29","-0.351","0.636","-0.22675","-0.5595","0.41575","-0.2245","0.201","-0.6225","-0.16325","-0.19025","0.878","-0.64725","-0.9065","-0.04075","-0.27825","0.0715","-0.63875","-0.247","-0.424","0.0385","-0.649","-0.50025","-0.4875","-0.415","-0.7975","0.1775","-0.682"
"FLJ40142","0.2595","-2.31075","-0.321","-1.262","-0.44975","-1.64175","-0.183","-0.126","-0.71625","1.3515","-0.413","0.09","-1.36025","-1.24875","-1.34325","-0.933","-1.19625","-0.4335","-0.0415","0.01375","-1.81775","-0.6745","-1.321","-0.59425","-0.45175","-0.946","-0.836","0.17225","-0.801","-0.1465","-0.75925","0.4685","0.36425","-1.449","-1.425","-0.25675","-0.10525","-0.81075","-0.3575","-0.8445"
"DENND4C","0.8015","-0.3805","-0.48175","0.633","0.53825","1.0265","0.9615","0.20375","1.36575","0.756","0.624","0.49875","0.718","-0.05725","0.8475","0.393","0.62475","0.561","0.45025","1.045","1.06275","0.3815","-0.01725","-0.11175","-0.01575","0.918","0.6625","1.126","0.97075","0.84775","0.36675","0.84875","0.489","0.48025","-0.16075","0.57025","0.88525","-1.024","0.4625","0.49075"
"ZNF770","0.769","-0.186625","-0.15975","0.336","0.03225","0.224","-0.44875","0.4855","-0.24025","0.44025","-0.094","-0.33675","-0.509625","0.820625","0.077875","0.236625","0.61025","-0.02625","-0.446875","-0.00937500000000001","0.173","0.0945","-0.195375","-0.00674999999999999","0.206125","0.771625","0.673375","-0.3545","0.392125","0.390125","-0.203","-0.256375","-0.066375","0.331125","1.406375","0.8355","0.4025","-0.1795","0.541625","0.05075"
"MTERF","-0.0945","0.184","0.15875","-0.38775","-0.441","-0.88375","-0.4285","-0.03575","-0.65525","0.1755","0.06475","0.10775","-0.63825","0.000750000000000004","-0.4745","0.652","-0.615","-0.007","1.0085","-0.06375","-0.95","-0.6475","-0.5345","-0.5825","-0.965","-0.17875","-0.32725","0.20875","-0.01175","0.34","0.157","-0.446","-0.56775","-0.7145","0.1795","-1.1455","0.054","-0.72525","-0.621","-0.63575"
"SOCS6","0.78675","0.67325","0.5","1.2","1.09225","-0.1165","0.64175","0.93075","1.65425","0.69475","1.2295","1.478","0.90725","0.96025","0.66125","1.03725","1.10275","1.5225","1.708","1.91825","0.597","0.0915","0.82825","1.6785","1.13775","0.36275","2.48025","1.363","1.43775","0.749","1.40025","1.54175","2.107","-0.4625","1.37325","0.85575","0.969","-0.39125","1.5475","0.1465"
"SFTPD","2.73875","-0.14025","-0.377","1.333","2.31275","3.19725","1.06075","3.377","0.88725","2.36075","2.36375","1.307","2.23225","2.06025","0.3145","1.2055","2.15275","0.99625","1.18125","1.697","1.19725","2.2705","-0.638","1.248","1.847","1.4695","2.00475","1.73825","1.2295","2.841","2.61125","0.6815","2.116","2.0635","-0.22","0.18775","1.70875","2.69","0.96425","1.43925"
"N4BP1","-0.331125","0.33075","0.044125","0.303875","0.426375","0.74275","-0.03075","-0.4435","-0.72175","-0.203375","0.2885","1.064","0.28","0.70675","0.057125","0.728125","0.0595","-0.256125","0.368","0.67275","0.09775","0.452875","0.145375","0.876125","-0.263875","0.530125","1.038625","0.00387500000000002","-0.059375","0.011125","-0.012875","1.9565","0.383375","0.562625","0.885875","0.132","-0.117375","0.230375","-0.622875","0.29325"
"FLJ10404","0.0346875","0.00399999999999998","-0.7983125","-1.0535","-0.5603125","-0.0653749999999999","0.4421875","-1.288875","-0.099","-0.5895","-0.542875","-0.1816875","-0.3032","-0.259375","-0.3978125","-1.0813125","-0.987375","-0.3798125","-1.3528125","-1.40475","-0.5450625","-0.1855625","0.024125","-1.63493333333333","-0.1086875","-0.33025","-0.457","-0.1788125","0.035375","0.5900625","-0.341125","-0.4343125","-0.4058125","0.85475","-0.33475","0.33","-0.587866666666667","-0.3308125","-0.580466666666667","-0.135375"
"NR4A1","-0.118166666666667","-0.860833333333333","-0.146","2.97833333333333","0.26","0.782166666666667","0.2265","-0.187166666666667","-0.185666666666667","-0.361166666666667","-0.0888333333333333","-0.445166666666667","-0.506833333333333","-0.162333333333333","0.267666666666667","1.36866666666667","-0.173833333333333","-0.1755","-1.05216666666667","-0.026","1.13233333333333","-0.466","0.149333333333333","-0.576","-0.470666666666667","1.34483333333333","0.957833333333333","1.48583333333333","0.0981666666666667","0.2535","-0.203","-0.213166666666667","-0.655833333333333","1.56466666666667","-0.513666666666667","-0.592333333333333","0.922166666666667","-0.408833333333333","-1.18833333333333","2.515"
"MRGPRD","0.088","0.234","0.4375","1.094","0.275","0.388","0.3755","0.4845","-0.013","-0.1975","0.1725","-0.9375","0.557","0.001","-0.435","0.523","-0.5315","-0.2375","0.565","-0.2835","0.2955","-0.287","0.311","0.1265","0.0265","0.336","0.298","-0.0835","-0.1015","0.5085","0.144","0.0545","0.118","0.133","-0.1085","-0.0790000000000001","1.5875","0.083","-1.289","-0.0975"
"ANKRD9","-2.11875","-0.34825","-0.73275","-2.06325","0.20425","0.6035","0.019","-1.06875","-1.064","-0.901","-0.9465","-2.06625","-0.567","-0.6715","-0.08375","-1.82875","-0.31025","-1.0475","-2.53325","-2.36125","-0.99625","-1.32875","-0.03675","-1.043","-0.6335","-1.05325","-1.46225","-1.349","-0.604","-0.65275","-1.43025","-1.8335","-0.90125","-0.23825","0.5115","0.929","-1.76225","0.0895","-0.79025","-1.35225"
"CD164","0.983625","0.74175","1.5865","0.826875","1.191875","1.803125","0.4595","1.0885","0.92775","-0.32625","0.604375","1.23","0.407","0.828875","-0.819125","0.400875","1.185875","1.345","0.696875","0.978125","-0.07925","0.6295","1.0645","0.6485","0.61625","1.234125","0.829625","0.915625","0.296625","0.701625","1.290125","0.829375","1.087625","0.7235","1.777625","1.17325","1.371875","0.992","1.074","0.892625"
"TMTC2","0.98825","0.43225","0.128","1.91275","3.07825","1.073","1.4845","2.11225","1.42875","3.276","1.9835","0.5195","2.277","1.45775","2.32025","1.5215","1.574","2.55525","2.7155","2.72625","0.4225","2.26","0.51375","2.91925","1.21625","2.01875","2.26825","2.4045","2.563","1.32375","2.8005","1.494","2.327","0.25925","3.4075","1.202","3.6355","-0.17075","3.4825","1.8155"
"AXIN1","0.792125","-0.310875","-0.61325","-1.279125","-0.553","-0.737875","0.234","-0.15725","0.146","-1.198875","-0.0625","-0.35025","0.102","0.099375","-0.53225","-0.407125","-0.54475","-0.32275","-1.255625","-0.861125","-0.111375","-0.2405","0.312875","-0.280375","0.557625","-0.476375","-0.684625","-0.477375","0.263125","0.0755","-0.5275","0.019875","0.453875","-0.642875","0.2855","0.328875","-1.129625","0.20475","-0.202125","-0.440125"
"UBE2A","0.37625","0.88525","0.612375","0.433","0.25325","0.3355","0.96175","0.250875","0.389375","-0.032625","0.026875","0.00299999999999999","0.2155","0.822875","1.615875","0.426375","0.15425","0.83375","1.262625","0.738625","0.83575","0.22725","0.182875","1.94425","-0.05875","-0.01625","0.096125","-0.508625","0.743625","-0.7055","0.171625","0.17475","0.2135","-0.27975","1.47675","0.502625","-0.0945","0.1965","-0.235625","-0.067625"
"EIF4E3","2.412375","1.167","0.766375","1.738125","1.0375","3.366875","1.514875","2.161625","0.3405","1.669125","1.628125","1.999875","1.711875","1.6465","1.914625","1.185125","1.961625","0.893125","2.056","2.131875","1.1475","1.237375","1.89625","2.09325","1.0545","1.636375","1.749375","1.047","1.8885","0.596875","2.054625","1.30775","0.998125","3.15575","1.641125","1.78025","2.4825","1.502875","1.83075","1.412375"
"WWP2","-0.254083333333333","0.464083333333333","-0.210083333333333","-0.434","0.287333333333333","0.915666666666667","0.760083333333334","-0.5285","-0.405583333333333","-0.919166666666667","0.730416666666667","0.3945","0.956833333333333","0.0844166666666666","0.190666666666667","-0.202666666666667","0.280416666666667","0.327666666666667","0.0065","-0.684833333333333","0.0666666666666667","0.453","0.285833333333333","0.33575","-0.1865","0.303333333333333","0.169333333333333","0.292916666666667","-0.381083333333333","0.717083333333333","0.272166666666667","-0.06575","0.379083333333333","0.299272727272727","0.243666666666667","-0.308","-0.05675","1.18075","-0.486833333333333","0.589416666666667"
"CHMP6","0.286333333333333","1.29983333333333","-0.746166666666667","-0.385","0.35","0.628666666666667","0.322833333333333","0.1805","0.244333333333333","1.20233333333333","0.143833333333333","0.452666666666667","0.469","0.0651666666666667","-0.110166666666667","1.01366666666667","-0.346333333333333","0.4925","-1.06133333333333","-0.555166666666667","0.235","0.5605","0.59","-0.277","0.629","0.2425","0.278333333333333","-0.0778333333333333","1.02933333333333","0.532333333333333","-0.0848333333333333","0.9005","0.743166666666667","0.377","-0.0645","0.0158333333333333","-0.487333333333333","0.643333333333333","0.183166666666667","-0.296833333333333"
"ZNF658B","1.4105","1.12583333333333","0.544166666666667","2.01533333333333","1.53533333333333","1.56416666666667","-0.927","1.1985","-0.403333333333333","1.49533333333333","0.5415","0.766333333333333","0.256166666666667","0.7505","-0.989333333333333","0.203333333333333","1.6605","0.0145","1.33266666666667","1.72483333333333","-0.392333333333333","0.545166666666667","0.857666666666667","0.437333333333333","0.215833333333333","0.939666666666667","0.267166666666667","1.193","-0.103333333333333","0.696666666666667","0.837666666666667","0.2185","0.885833333333333","1.28816666666667","0.580666666666667","1.23566666666667","1.1905","0.8335","0.741833333333333","0.696333333333333"
"HINT3","1.176","1.52275","1.149","-0.28825","0.51275","0.142","-0.18025","0.4005","-0.22925","-0.73025","-0.0925","0.49275","0.1915","0.753","-0.31575","-0.18675","2.14475","-0.03875","0.80775","0.75275","0.32","-0.14875","0.27125","1.135","-0.01575","-0.5115","-0.05425","-1.04175","-0.68675","-0.811","-0.005","-0.5865","-0.1155","0.21125","2.26925","-0.38425","-0.118","0.838","0.1705","-0.2065"
"GATA4","0.516833333333333","-1.33533333333333","-2.1375","-2.26333333333333","-2.21016666666667","-2.15483333333333","-2.05633333333333","-1.90733333333333","-2.0495","-1.254","-2.064","0.750666666666667","-1.76233333333333","-1.906","-1.37","-1.90666666666667","-2.05383333333333","-1.97","-0.734666666666667","-1.57283333333333","-2.12683333333333","-0.264166666666667","-1.9675","-1.8895","-1.3025","-2.12233333333333","-0.891333333333333","-0.1045","-1.67883333333333","-2.00083333333333","-1.78066666666667","-1.796","-2.27016666666667","-0.974666666666667","-2.047","-2.0905","-2.17083333333333","-1.83216666666667","-1.6345","-0.727166666666667"
"SLC26A5","0.6695","0.206","0.668","0.1685","1.047","0.533","0.886","1.7875","0.5545","0.643","0.3935","0.5755","0.544","0.6805","0.549","0.453","0.549","0.7775","0.448","0.305","0.703","0.3045","0.667","0.3805","0.4785","0.8765","0.337","1.8065","0.49","0.833","0.7905","0.3735","0.285","0.61","0.3735","1.5865","1.253","0.229","0.309","1.2"
"PIK3R1","0.926714285714286","1.20364285714286","2.64835714285714","2.67935714285714","1.04307142857143","2.59671428571429","0.5485","1.3175","1.29507692307692","-0.479","2.48621428571429","1.15907142857143","1.62342857142857","2.46721428571429","0.805142857142857","0.144571428571429","0.999571428571429","1.16928571428571","1.58164285714286","1.38821428571429","1.8505","2.29114285714286","2.8435","2.25671428571429","1.17821428571429","2.72907142857143","2.16714285714286","3.07864285714286","2.05892857142857","3.33071428571429","1.94928571428571","1.43378571428571","0.790928571428571","2.81057142857143","2.15021428571429","2.509","2.86292857142857","0.106428571428571","0.744285714285714","2.2295"
"IFI6","2.48316666666667","0.117166666666667","3.329","0.2135","2.74883333333333","0.395833333333333","1.716","0.855833333333333","1.262","2.98883333333333","1.72366666666667","2.9325","0.0176666666666667","1.36533333333333","3.18733333333333","1.28933333333333","1.7525","0.057","2.159","-0.729833333333333","0.821833333333334","4.05","3.26966666666667","-1.11816666666667","2.1805","2.17733333333333","2.96683333333333","-0.428333333333333","1.209","-0.3075","2.09266666666667","0.325666666666667","3.3505","0.901","1.503","4.112","-0.499833333333333","1.77783333333333","0.998333333333333","2.12216666666667"
"CNTN6","0.08775","0.63775","0.23175","-0.18925","0.94575","1.4375","-0.13375","0.69675","0.46925","-0.42075","0.4895","-0.6195","-0.0555","3.29","0.3635","0.23425","0.523","-0.25775","0.696","0.40125","1.5105","0.2915","0.205","0.37925","-0.048","0.381","0.025","2.00975","-0.17175","1.11725","0.74375","0.59025","-0.26725","0.9945","3.4255","-0.247","0.2","-0.1425","0.9815","1.16425"
"MORF4L2","2.287375","-0.544625","2.843875","0.29975","0.094375","-0.602125","-0.34125","0.083375","0.220125","0.98325","0.29175","-0.441375","0.12525","0.0385","0.058375","1.882","0.7355","-0.0605","0.7595","0.336125","-0.053375","-0.118","-0.22575","0.1935","-0.2555","-0.089125","-0.1575","-0.1845","0.667","-0.612625","0.318125","0.274125","-0.054","-1.076625","0.050375","0.137875","-0.03625","0.751125","-0.063875","0.096625"
